,Rank,Year,MVP,Player,Age,Tm,First,Pts Won,Pts Max,Share,G,MP,PTS,TRB,AST,STL,BLK,FG%,FT%,WS,WS/48,Rk,Pos,GS,FG,FGA,3P,3PA,3P%,2P,2PA,2P%,eFG%,FT,FTA,ORB,DRB,TOV,PF,TOT_MP,PER,TS%,3PAr,FTr,ORB%,DRB%,TRB%,AST%,STL%,BLK%,TOV%,USG%,OWS,DWS,OBPM,DBPM,BPM,VORP,PRE_ODDS
0,1,1985,1,Larry Bird,28.0,BOS,73.0,763.0,780,0.978,80.0,39.5,28.7,10.5,6.6,1.6,1.2,0.522,0.882,15.7,0.238,16,SF,77,11.5,22.0,0.7,1.6,.427,10.8,20.4,.529,.538,5.0,5.7,2.1,8.5,3.1,2.6,3161,26.5,.585,.074,.260,6.0,22.6,14.7,25.7,1.9,1.7,11.2,28.5,10.5,5.2,6.8,2.0,8.8,8.7,200
1,2,1985,0,Magic Johnson,25.0,LAL,1.0,264.0,780,0.338,77.0,36.1,18.3,6.2,12.6,1.5,0.3,0.561,0.843,12.7,0.22,130,PG,77,6.5,11.7,0.1,0.5,.189,6.5,11.2,.577,.565,5.1,6.0,1.2,5.0,4.0,2.0,2781,23.2,.637,.041,.516,4.1,14.4,9.7,42.5,1.9,0.5,21.7,20.5,9.5,3.2,5.8,0.8,6.7,6.1,200
2,3,1985,0,Moses Malone,29.0,PHI,0.0,218.0,780,0.279,79.0,37.4,24.6,13.1,1.6,0.8,1.6,0.469,0.815,11.9,0.193,170,C,79,7.6,16.3,0.0,0.0,.000,7.6,16.2,.470,.469,9.3,11.4,4.9,8.2,3.6,2.7,2957,22.5,.577,.002,.704,14.8,24.4,19.7,6.6,1.1,2.4,14.5,26.8,7.9,4.0,3.0,-1.4,1.6,2.7,250
3,4,1985,0,Kareem Abdul-Jabbar,37.0,LAL,0.0,206.0,780,0.264,79.0,33.3,22.0,7.9,3.2,0.8,2.1,0.599,0.732,11.2,0.204,1,C,79,9.2,15.3,0.0,0.0,.000,9.2,15.3,.600,.599,3.7,5.0,2.1,5.8,2.5,3.0,2630,22.9,.628,.001,.327,7.7,18.2,13.5,13.1,1.1,3.3,12.5,24.3,7.6,3.6,3.9,1.2,5.1,4.8,200
4,5,1985,0,Terry Cummings,23.0,MIL,2.0,138.0,780,0.177,79.0,34.5,23.6,9.1,2.9,1.5,0.8,0.495,0.741,10.7,0.189,57,PF,78,9.6,19.4,0.0,0.0,.000,9.6,19.4,.496,.495,4.3,5.9,3.1,6.0,2.4,3.3,2722,22.1,.536,.001,.302,10.0,19.1,14.6,13.5,2.1,1.5,9.9,28.8,5.6,5.1,3.6,0.7,4.3,4.3,800
5,6,1985,0,Michael Jordan,21.0,CHI,2.0,134.0,780,0.172,82.0,38.3,28.2,6.5,5.9,2.4,0.8,0.515,0.845,14.0,0.213,143,SG,82,10.2,19.8,0.1,0.6,.173,10.1,19.2,.526,.518,7.7,9.1,2.0,4.5,3.5,3.5,3144,25.8,.592,.032,.459,6.3,13.2,9.8,25.3,3.0,1.3,13.0,29.8,10.3,3.7,5.8,1.5,7.3,7.4,5000
6,7,1985,0,Bernard King,28.0,NYK,0.0,70.0,780,0.09,55.0,37.5,32.9,5.8,3.7,1.3,0.3,0.53,0.772,7.1,0.166,149,SF,55,12.6,23.7,0.0,0.2,.100,12.5,23.5,.534,.531,7.7,10.0,2.1,3.7,3.7,3.5,2063,25.2,.585,.008,.424,6.2,11.8,8.9,18.6,1.7,0.4,11.7,35.1,5.7,1.5,6.1,-1.0,5.1,3.6,500
7,8,1985,0,Sidney Moncrief,27.0,MIL,0.0,65.0,780,0.083,73.0,37.5,21.7,5.4,5.2,1.6,0.5,0.483,0.828,11.2,0.197,188,PG,72,7.7,15.9,0.1,0.5,.273,7.6,15.5,.489,.487,6.2,7.5,2.0,3.3,2.5,2.7,2734,20.1,.565,.028,.472,6.1,9.8,7.9,20.1,2.1,0.8,11.6,23.6,7.3,3.9,3.8,1.0,4.8,4.7,800
8,9,1985,0,Isiah Thomas,23.0,DET,0.0,63.0,780,0.081,81.0,38.1,21.2,4.5,13.9,2.3,0.3,0.458,0.809,11.2,0.173,265,PG,81,8.0,17.4,0.4,1.4,.257,7.6,16.0,.476,.468,4.9,6.1,1.4,3.0,3.7,3.6,3089,22.2,.529,.080,.350,3.7,8.7,6.1,47.9,2.8,0.4,15.7,24.0,7.5,3.6,5.1,1.2,6.3,6.5,600
9,10,1985,0,Ralph Sampson,24.0,HOU,0.0,26.0,780,0.033,82.0,37.6,22.1,10.4,2.7,1.0,2.0,0.502,0.676,6.2,0.096,234,PF,82,9.2,18.3,0.0,0.1,.000,9.2,18.2,.504,.502,3.7,5.5,2.8,7.6,4.0,3.7,3086,17.4,.533,.004,.299,8.2,22.6,15.4,10.4,1.2,3.1,16.1,25.9,1.4,4.8,-0.3,0.7,0.4,1.8,1200
10,1,1986,1,Larry Bird,29.0,BOS,73.0,765.0,780,0.981,82.0,38.0,25.8,9.8,6.8,2.0,0.6,0.496,0.896,15.8,0.244,17,SF,81,9.7,19.6,1.0,2.4,.423,8.7,17.2,.506,.521,5.4,6.0,2.3,7.5,3.2,2.2,3113,25.6,.580,.121,.306,7.2,20.4,14.2,26.3,2.5,0.9,12.7,27.6,9.6,6.2,6.6,2.1,8.7,8.4,250
11,2,1986,0,Dominique Wilkins,26.0,ATL,5.0,407.0,780,0.522,78.0,39.1,30.3,7.9,2.6,1.8,0.6,0.468,0.818,10.8,0.17,305,SF,78,11.4,24.3,0.2,0.9,.186,11.2,23.4,.479,.472,7.4,9.0,3.3,4.6,3.2,2.2,3049,23.3,.536,.037,.372,9.5,12.9,11.2,11.7,2.2,0.9,10.2,32.9,7.0,3.9,4.6,-0.5,4.2,4.8,10000
12,3,1986,0,Magic Johnson,26.0,LAL,0.0,205.0,780,0.263,72.0,35.8,18.8,5.9,12.6,1.6,0.2,0.526,0.871,12.1,0.226,133,PG,70,6.7,12.8,0.1,0.6,.233,6.6,12.2,.541,.532,5.3,6.0,1.2,4.7,3.8,1.8,2578,24.0,.610,.047,.473,3.9,14.3,9.4,45.1,2.0,0.3,19.8,21.6,9.0,3.1,6.0,0.7,6.7,5.7,160
13,4,1986,0,Hakeem Olajuwon,23.0,HOU,0.0,193.0,780,0.247,68.0,36.3,23.5,11.5,2.0,2.0,3.4,0.526,0.645,9.5,0.186,206,C,68,9.2,17.5,0.0,0.0,,9.2,17.5,.526,.526,5.1,7.9,4.9,6.6,2.9,4.0,2467,24.2,.560,.000,.453,14.4,19.8,17.1,8.0,2.5,5.2,12.0,25.6,5.3,4.2,2.9,1.2,4.0,3.8,700
14,5,1986,0,Kareem Abdul-Jabbar,38.0,LAL,0.0,135.0,780,0.173,79.0,33.3,23.4,6.1,3.5,0.8,1.6,0.564,0.765,10.8,0.197,1,C,79,9.6,16.9,0.0,0.0,.000,9.6,16.9,.565,.564,4.3,5.6,1.7,4.4,2.6,3.1,2629,22.7,.603,.001,.328,6.0,14.2,10.3,15.7,1.2,2.7,11.7,26.6,7.6,3.2,4.4,1.0,5.4,4.9,160
15,6,1986,0,Charles Barkley,22.0,PHI,0.0,133.0,780,0.171,80.0,36.9,20.0,12.8,3.9,2.2,1.6,0.572,0.685,10.8,0.176,13,PF,80,7.4,13.0,0.2,0.9,.227,7.2,12.1,.598,.580,5.0,7.2,4.4,8.4,4.4,4.2,2952,22.4,.619,.072,.555,13.4,25.4,19.4,16.0,2.8,2.4,21.3,22.4,5.4,5.5,3.1,2.0,5.1,5.3,350
16,7,1986,0,Sidney Moncrief,28.0,MIL,0.0,56.0,780,0.072,73.0,35.2,20.2,4.6,4.9,1.4,0.2,0.489,0.859,11.7,0.219,194,PG,72,6.4,13.2,0.5,1.4,.320,6.0,11.8,.509,.506,6.8,7.9,1.6,3.0,2.4,2.4,2567,20.0,.604,.107,.603,5.0,9.4,7.3,19.2,1.9,0.4,12.5,21.8,8.3,3.4,4.2,0.7,4.9,4.5,400
17,8,1986,0,Alex English,32.0,DEN,0.0,55.0,780,0.071,81.0,37.3,29.8,5.0,4.0,0.9,0.4,0.504,0.862,9.8,0.156,80,SF,81,11.7,23.3,0.0,0.1,.200,11.7,23.2,.505,.504,6.3,7.3,2.4,2.6,3.1,2.9,3024,21.7,.562,.003,.314,6.3,7.7,7.0,17.0,1.1,0.5,10.4,30.5,7.6,2.3,4.4,-1.5,2.9,3.7,1500
18,9,1986,0,Isiah Thomas,24.0,DET,0.0,28.0,780,0.036,77.0,36.2,20.9,3.6,10.8,2.2,0.3,0.488,0.79,8.8,0.151,266,PG,77,7.9,16.2,0.3,1.1,.310,7.6,15.1,.501,.498,4.7,6.0,1.1,2.5,3.8,3.2,2790,21.2,.554,.067,.370,3.1,7.6,5.3,40.7,2.8,0.4,16.6,24.4,6.1,2.7,4.3,0.7,5.0,4.9,800
19,10,1986,0,Moses Malone,30.0,PHI,0.0,21.0,780,0.027,74.0,36.6,23.8,11.8,1.2,0.9,1.0,0.458,0.787,8.9,0.157,172,C,74,7.7,16.8,0.0,0.0,.000,7.7,16.8,.459,.458,8.3,10.6,4.6,7.2,3.5,2.6,2706,20.6,.553,.001,.629,14.0,22.0,18.0,5.1,1.2,1.5,14.1,27.6,5.5,3.4,1.8,-1.9,-0.1,1.3,350
20,1,1987,1,Magic Johnson,27.0,LAL,65.0,733.0,780,0.94,80.0,36.3,23.9,6.3,12.2,1.7,0.5,0.522,0.848,15.9,0.263,133,PG,80,8.5,16.4,0.1,0.5,.205,8.4,15.9,.532,.525,6.7,7.9,1.5,4.8,3.8,2.1,2904,27.0,.602,.030,.482,5.0,13.7,9.7,47.2,2.2,0.7,15.9,26.3,12.1,3.8,7.5,1.3,8.8,8.0,400
21,2,1987,0,Michael Jordan,23.0,CHI,10.0,449.0,780,0.576,82.0,40.0,37.1,5.2,4.6,2.9,1.5,0.482,0.857,16.9,0.247,141,SG,82,13.4,27.8,0.1,0.8,.182,13.2,27.0,.491,.484,10.2,11.9,2.0,3.2,3.3,2.9,3281,29.8,.562,.029,.427,5.6,9.3,7.4,22.2,3.6,2.3,9.1,38.3,11.9,5.0,8.4,2.4,10.8,10.6,10000
22,3,1987,0,Larry Bird,30.0,BOS,1.0,271.0,780,0.347,74.0,40.6,28.1,9.2,7.6,1.8,0.9,0.525,0.91,15.2,0.243,22,SF,73,10.6,20.2,1.2,3.0,.400,9.4,17.2,.547,.555,5.6,6.1,1.7,7.5,3.2,2.5,3005,26.4,.612,.150,.304,5.1,19.2,12.8,28.6,2.2,1.3,12.4,27.5,10.4,4.8,7.3,2.0,9.4,8.6,160
23,4,1987,0,Kevin McHale,29.0,BOS,0.0,254.0,780,0.326,77.0,39.7,26.1,9.9,2.6,0.5,2.2,0.604,0.836,14.8,0.232,181,PF,77,10.3,17.0,0.0,0.1,.000,10.3,16.9,.606,.604,5.6,6.6,3.2,6.7,2.6,3.1,3060,24.0,.655,.003,.392,9.9,17.5,14.0,9.8,0.6,3.1,11.4,24.1,10.8,4.0,4.7,0.4,5.1,5.5,160
24,5,1987,0,Dominique Wilkins,27.0,ATL,0.0,128.0,780,0.164,79.0,37.6,29.0,6.3,3.3,1.5,0.6,0.463,0.818,12.2,0.197,312,SF,79,10.5,22.6,0.4,1.3,.292,10.1,21.3,.474,.472,7.7,9.4,2.7,3.6,2.7,1.9,2969,23.5,.543,.059,.415,7.7,10.3,9.0,14.9,1.9,1.0,9.2,32.3,8.4,3.7,5.5,0.0,5.5,5.6,1800
25,6,1987,0,Charles Barkley,23.0,PHI,1.0,113.0,780,0.145,68.0,40.3,23.0,14.6,4.9,1.8,1.5,0.594,0.761,12.0,0.21,15,PF,62,8.2,13.8,0.3,1.5,.202,7.9,12.3,.643,.606,6.3,8.3,5.7,8.9,4.7,3.7,2740,25.1,.660,.111,.602,16.7,24.8,20.8,19.0,2.1,2.2,21.4,23.1,7.7,4.3,5.4,1.3,6.7,6.0,1500
26,7,1987,0,Hakeem Olajuwon,24.0,HOU,1.0,28.0,780,0.036,75.0,36.8,23.4,11.4,2.9,1.9,3.4,0.508,0.702,10.9,0.189,206,C,75,9.0,17.8,0.0,0.1,.200,9.0,17.7,.509,.509,5.3,7.6,4.2,7.2,3.0,3.9,2760,23.8,.554,.004,.428,12.7,21.3,17.1,12.6,2.4,5.3,12.6,26.8,4.9,6.0,3.1,2.7,5.8,5.4,350
27,8,1987,0,Isiah Thomas,25.0,DET,0.0,17.0,780,0.022,81.0,37.2,20.6,3.9,10.0,1.9,0.2,0.463,0.768,7.6,0.121,273,PG,81,7.7,16.7,0.2,1.2,.194,7.5,15.5,.484,.470,4.9,6.4,1.0,2.9,4.2,3.1,3013,18.8,.528,.072,.385,3.0,8.2,5.7,39.3,2.4,0.4,17.8,25.9,3.8,3.8,2.9,0.4,3.3,4.0,2000
28,9,1987,0,Fat Lever,26.0,DEN,0.0,11.0,780,0.014,82.0,37.2,18.9,8.9,8.0,2.5,0.4,0.469,0.782,9.7,0.153,156,PG,82,7.8,16.7,0.3,1.1,.239,7.6,15.6,.486,.477,3.0,3.8,2.6,6.3,2.0,2.7,3054,20.8,.515,.067,.228,7.0,18.8,12.5,29.1,3.0,0.6,10.0,21.1,6.0,3.8,3.5,1.4,5.0,5.4,800
29,10,1987,0,Moses Malone,31.0,WSB,0.0,9.0,780,0.012,73.0,34.1,24.1,11.3,1.6,0.8,1.3,0.454,0.824,9.4,0.182,167,C,70,8.2,18.0,0.0,0.2,.000,8.2,17.8,.458,.454,7.8,9.5,4.7,6.6,2.8,1.9,2488,23.8,.545,.008,.528,14.2,21.0,17.6,7.9,1.1,2.1,11.1,29.3,6.0,3.4,4.3,-1.5,2.8,3.0,1300
30,1,1988,1,Michael Jordan,24.0,CHI,47.0,665.0,800,0.831,82.0,40.4,35.0,5.5,5.9,3.2,1.6,0.535,0.841,21.2,0.308,146,SG,82,13.0,24.4,0.1,0.6,0.132,13.0,23.7,.546,.537,8.8,10.5,1.7,3.8,3.1,3.3,3311,31.7,.603,.027,.430,4.8,10.7,7.8,27.0,3.9,2.4,9.6,34.1,15.2,6.1,8.8,4.2,13.0,12.5,5000
31,2,1988,0,Larry Bird,31.0,BOS,16.0,527.0,800,0.659,76.0,39.0,29.9,9.3,6.1,1.6,0.8,0.527,0.916,15.0,0.243,23,SF,75,11.6,22.0,1.3,3.1,0.414,10.3,18.9,.546,.556,5.5,6.0,1.4,7.8,2.8,2.1,2965,27.8,.608,.142,.271,4.6,22.3,14.0,25.7,2.1,1.1,10.2,30.2,11.2,3.8,7.8,1.0,8.8,8.1,350
32,3,1988,0,Magic Johnson,28.0,LAL,16.0,508.0,800,0.635,72.0,36.6,19.6,6.2,11.9,1.6,0.2,0.492,0.853,10.9,0.199,140,PG,70,6.8,13.8,0.2,0.8,0.196,6.7,13.1,.510,.497,5.8,6.8,1.2,5.0,3.7,2.0,2637,23.1,.581,.056,.491,4.0,14.8,9.7,45.4,2.1,0.3,18.2,23.4,7.8,3.1,5.2,0.8,6.0,5.3,120
33,4,1988,0,Charles Barkley,24.0,PHI,1.0,109.0,800,0.136,80.0,39.6,28.3,11.9,3.2,1.3,1.3,0.587,0.751,16.7,0.253,17,PF,80,9.4,16.0,0.6,2.0,0.28,8.9,14.1,.630,.604,8.9,11.9,4.8,7.1,3.8,3.5,3170,27.6,.665,.122,.741,14.0,20.8,17.4,14.1,1.6,1.9,15.2,26.7,13.4,3.3,7.3,0.1,7.4,7.5,2000
34,5,1988,0,Clyde Drexler,25.0,POR,0.0,86.0,800,0.108,81.0,37.8,27.0,6.6,5.8,2.5,0.6,0.506,0.811,13.2,0.207,74,SG,80,10.5,20.7,0.1,0.6,0.212,10.3,20.1,.515,.509,5.9,7.2,3.2,3.4,2.9,3.1,3060,24.1,.564,.031,.350,9.2,9.6,9.4,23.5,3.1,1.0,10.9,28.0,9.3,3.9,5.7,1.4,7.0,7.0,1800
35,6,1988,0,Dominique Wilkins,28.0,ATL,0.0,55.0,800,0.069,78.0,37.8,30.7,6.4,2.9,1.3,0.6,0.464,0.826,9.8,0.16,311,SF,76,11.7,25.1,0.5,1.7,0.295,11.2,23.4,.476,.474,6.9,8.4,2.7,3.7,2.8,2.1,2948,23.7,.534,.066,.335,7.9,11.0,9.5,13.5,1.7,1.0,8.9,35.2,7.0,2.8,5.4,-1.1,4.3,4.7,500
36,7,1988,0,Hakeem Olajuwon,25.0,HOU,0.0,40.0,800,0.05,79.0,35.8,22.8,12.1,2.1,2.1,2.7,0.514,0.695,10.7,0.182,210,C,79,9.0,17.5,0.0,0.1,0.0,9.0,17.5,.516,.514,4.8,6.9,3.8,8.3,3.1,4.1,2825,23.4,.555,.003,.396,11.2,24.1,17.7,9.2,2.7,4.2,13.0,26.5,4.4,6.3,2.2,2.2,4.4,4.6,700
37,8,1988,0,Karl Malone,24.0,UTA,0.0,36.0,800,0.045,82.0,39.0,27.7,12.0,2.4,1.4,0.6,0.52,0.7,10.1,0.152,169,PF,82,10.5,20.1,0.0,0.1,0.0,10.5,20.1,.522,.520,6.7,9.6,3.4,8.6,4.0,3.6,3198,20.7,.568,.003,.478,9.7,22.8,16.6,10.1,1.7,0.9,14.0,29.7,4.0,6.1,1.7,-0.2,1.5,2.9,3000
38,9,1988,0,Fat Lever,27.0,DEN,0.0,26.0,800,0.033,82.0,37.3,18.9,8.1,7.8,2.7,0.3,0.473,0.785,10.4,0.163,158,SG,82,7.8,16.6,0.1,0.7,0.211,7.7,15.9,.484,.477,3.0,3.9,2.5,5.6,2.2,2.6,3061,20.5,.516,.042,.232,6.7,16.5,11.4,28.1,3.3,0.4,10.8,21.4,5.5,4.9,3.0,2.2,5.1,5.5,4000
39,10,1988,0,John Stockton,25.0,UTA,0.0,15.0,800,0.019,82.0,34.7,14.7,2.9,13.8,3.0,0.2,0.574,0.84,14.1,0.238,263,PG,79,5.5,9.6,0.3,0.8,0.358,5.2,8.8,.594,.589,3.3,4.0,0.7,2.2,3.2,3.0,2842,23.2,.645,.085,.410,2.1,6.6,4.5,54.8,4.0,0.3,21.9,17.2,9.2,4.9,5.2,3.3,8.5,7.6,3000
40,1,1989,1,Magic Johnson,29.0,LAL,42.5,664.5,850,0.782,77.0,37.5,22.5,7.9,12.8,1.8,0.3,0.509,0.911,16.1,0.267,154,PG,77,7.5,14.8,0.8,2.4,.314,6.8,12.3,.548,.535,6.7,7.3,1.4,6.4,4.1,2.2,2886,26.9,.625,.165,.495,4.6,18.0,11.7,48.6,2.3,0.4,18.4,24.3,12.1,4.0,7.3,2.0,9.4,8.3,350
41,2,1989,0,Michael Jordan,25.0,CHI,27.5,598.8,850,0.704,81.0,40.2,32.5,8.0,8.0,2.9,0.8,0.538,0.85,19.8,0.292,163,SG,81,11.9,22.2,0.3,1.2,.276,11.6,21.0,.553,.546,8.3,9.8,1.8,6.2,3.6,3.0,3255,31.1,.614,.055,.442,5.5,17.3,11.6,34.7,3.6,1.2,11.9,32.1,14.6,5.2,8.4,3.4,11.9,11.4,2000
42,3,1989,0,Karl Malone,25.0,UTA,5.0,362.0,850,0.426,80.0,39.1,29.1,10.7,2.7,1.8,0.9,0.519,0.766,15.2,0.233,197,PF,80,10.1,19.5,0.1,0.2,.313,10.1,19.3,.521,.521,8.8,11.5,3.2,7.4,3.6,3.6,3126,24.4,.592,.010,.589,10.0,19.6,15.1,12.8,2.3,1.3,12.7,30.4,8.6,6.6,4.3,1.2,5.4,5.9,1200
43,4,1989,0,Patrick Ewing,26.0,NYK,8.0,200.0,850,0.235,80.0,36.2,22.7,9.3,2.4,1.5,3.5,0.567,0.746,10.9,0.181,93,C,80,9.1,16.0,0.0,0.1,.000,9.1,16.0,.570,.567,4.5,6.1,2.7,6.6,3.3,3.9,2896,22.1,.607,.005,.378,8.0,20.7,14.2,9.5,1.9,5.6,15.1,23.6,6.2,4.7,2.3,2.3,4.5,4.8,3000
44,5,1989,0,Hakeem Olajuwon,26.0,HOU,2.0,179.3,850,0.211,82.0,36.9,24.8,13.5,1.8,2.6,3.4,0.508,0.696,12.4,0.197,228,C,82,9.6,19.0,0.0,0.1,.000,9.6,18.9,.511,.508,5.5,8.0,4.1,9.4,3.4,4.0,3024,25.2,.552,.006,.419,12.2,27.2,19.8,8.2,3.3,5.5,13.0,28.2,4.6,7.8,2.7,2.9,5.5,5.7,4000
45,6,1989,0,Charles Barkley,25.0,PHI,0.0,94.3,850,0.111,79.0,39.1,25.8,12.5,4.1,1.6,0.8,0.579,0.753,16.1,0.25,18,PF,79,8.9,15.3,0.4,2.1,.216,8.4,13.2,.636,.594,7.6,10.1,5.1,7.4,3.2,3.3,3088,27.0,.653,.134,.661,14.5,21.3,17.9,16.0,2.0,1.3,14.0,24.4,13.2,2.9,7.3,0.2,7.5,7.4,10000
46,7,1989,0,John Stockton,26.0,UTA,0.0,28.0,850,0.033,82.0,38.7,17.1,3.0,13.6,3.2,0.2,0.538,0.863,15.6,0.236,293,PG,82,6.1,11.3,0.2,0.8,.242,5.9,10.5,.561,.547,4.8,5.5,1.0,2.0,3.8,2.9,3171,22.9,.624,.072,.490,3.1,5.4,4.3,54.3,4.1,0.3,21.5,19.1,9.8,5.8,5.1,3.2,8.3,8.3,1200
47,8,1989,0,Kevin Johnson,22.0,PHO,0.0,22.0,850,0.026,81.0,39.2,20.4,4.2,12.2,1.7,0.3,0.505,0.882,12.2,0.184,153,PG,81,7.0,13.9,0.0,0.3,.091,7.0,13.7,.514,.506,6.3,7.1,0.6,3.6,4.0,2.8,3179,20.5,.597,.020,.511,1.6,9.4,5.7,40.4,2.0,0.4,18.9,21.2,8.6,3.5,3.9,0.3,4.2,5.0,10000
48,9,1989,0,Tom Chambers,29.0,PHO,0.0,20.0,850,0.024,81.0,37.1,25.7,8.4,2.9,1.1,0.7,0.471,0.851,9.2,0.146,47,PF,81,9.6,20.3,0.3,1.1,.326,9.2,19.2,.479,.480,6.3,7.4,1.8,6.7,2.9,3.3,3002,19.3,.547,.052,.364,5.3,18.4,12.1,11.1,1.3,1.0,10.8,28.2,5.1,4.1,1.6,-0.2,1.4,2.6,10000
49,10,1989,0,Mark Price,24.0,CLE,0.0,18.0,850,0.021,75.0,36.4,18.9,3.0,8.4,1.5,0.1,0.526,0.901,11.3,0.199,247,PG,74,7.1,13.4,1.2,2.8,.441,5.8,10.6,.548,.572,3.5,3.9,0.6,2.4,2.8,1.3,2728,20.6,.623,.210,.290,2.1,7.0,4.7,33.8,2.1,0.1,15.7,21.0,8.0,3.3,4.5,0.0,4.5,4.5,800
50,1,1990,1,Magic Johnson,30.0,LAL,27.0,636.0,920,0.691,79.0,37.2,22.3,6.6,11.5,1.7,0.4,0.48,0.89,16.5,0.27,161,PG,79,6.9,14.4,1.3,3.5,0.384,5.6,10.9,.510,.526,7.2,8.1,1.6,5.0,3.7,2.1,2937,26.6,.622,.243,.560,5.2,14.8,10.2,45.5,2.2,0.7,16.9,24.8,12.8,3.8,8.3,1.8,10.1,8.9,500
51,2,1990,0,Charles Barkley,26.0,PHI,38.0,614.0,920,0.667,79.0,39.1,25.2,11.5,3.9,1.9,0.6,0.6,0.749,17.3,0.269,18,SF,79,8.9,14.9,0.3,1.2,0.217,8.7,13.7,.632,.608,7.1,9.4,4.6,6.9,3.1,3.2,3085,27.1,.661,.078,.632,13.4,20.0,16.7,15.6,2.4,1.0,13.9,24.0,13.1,4.2,7.2,1.0,8.2,8.0,2500
52,3,1990,0,Michael Jordan,26.0,CHI,21.0,564.0,920,0.613,82.0,39.0,33.6,6.9,6.3,2.8,0.7,0.526,0.848,19.0,0.285,169,SG,82,12.6,24.0,1.1,3.0,0.376,11.5,21.0,.548,.550,7.2,8.5,1.7,5.1,3.0,2.9,3197,31.2,.606,.125,.356,5.3,15.6,10.4,28.6,3.5,1.1,9.8,33.7,14.7,4.3,9.1,2.1,11.2,10.6,800
53,4,1990,0,Karl Malone,26.0,UTA,2.0,214.0,920,0.233,82.0,38.1,31.0,11.1,2.8,1.5,0.6,0.562,0.762,15.9,0.245,207,PF,82,11.1,19.8,0.2,0.5,0.372,11.0,19.3,.567,.567,8.5,11.1,2.8,8.3,3.7,3.2,3122,27.2,.626,.026,.561,9.3,24.0,17.1,13.2,1.9,1.0,13.0,32.6,10.5,5.4,5.9,0.5,6.4,6.6,800
54,5,1990,0,Patrick Ewing,27.0,NYK,1.0,162.0,920,0.176,82.0,38.6,28.6,10.9,2.2,1.0,4.0,0.551,0.775,13.5,0.205,102,C,82,11.2,20.4,0.0,0.0,0.25,11.2,20.4,.552,.551,6.1,7.9,2.9,8.0,3.4,4.0,3165,25.8,.599,.002,.387,8.5,22.4,15.7,10.0,1.2,5.9,12.4,29.4,8.3,5.3,3.7,1.8,5.5,6.0,800
55,6,1990,0,David Robinson,24.0,SAS,2.0,102.0,920,0.111,82.0,36.6,24.3,12.0,2.0,1.7,3.9,0.531,0.732,15.1,0.241,284,C,81,8.4,15.9,0.0,0.0,0.0,8.4,15.8,.532,.531,7.5,10.2,3.7,8.3,3.1,3.2,3002,26.3,.597,.002,.644,11.7,24.8,18.5,8.7,2.2,6.5,13.3,26.6,7.9,7.2,4.0,2.9,6.9,6.8,3500
56,7,1990,0,Hakeem Olajuwon,27.0,HOU,1.0,64.0,920,0.07,82.0,38.1,24.3,14.0,2.9,2.1,4.6,0.501,0.713,11.2,0.173,248,C,82,9.8,19.6,0.0,0.1,0.167,9.8,19.5,.502,.501,4.7,6.5,3.6,10.4,3.9,3.8,3124,24.1,.541,.004,.333,10.3,28.3,19.5,12.1,2.6,7.0,14.6,28.1,2.5,8.7,1.8,4.0,5.8,6.2,2200
57,8,1990,0,Tom Chambers,30.0,PHO,0.0,12.0,920,0.013,81.0,37.6,27.2,7.0,2.3,1.1,0.6,0.501,0.861,11.2,0.176,54,PF,81,10.0,20.0,0.3,1.1,0.279,9.7,18.9,.513,.508,6.9,8.0,1.5,5.6,2.7,3.2,3046,20.9,.579,.053,.400,4.7,15.2,10.3,10.0,1.4,0.9,10.3,28.8,7.5,3.7,2.7,-0.3,2.3,3.3,500
58,9,1990,0,John Stockton,27.0,UTA,0.0,9.0,920,0.01,78.0,37.4,17.2,2.6,14.5,2.7,0.2,0.514,0.819,14.4,0.238,319,PG,78,6.1,11.8,0.6,1.4,0.416,5.4,10.3,.528,.540,4.5,5.5,0.7,1.9,3.5,3.0,2915,23.9,.607,.123,.471,2.5,5.6,4.1,57.4,3.5,0.4,19.7,20.6,10.4,4.0,6.7,2.2,8.9,8.0,800
59,10T,1990,0,Larry Bird,33.0,BOS,0.0,5.0,920,0.005,75.0,39.3,24.3,9.5,7.5,1.4,0.8,0.473,0.93,9.5,0.154,25,SF,75,9.6,20.2,0.9,2.6,0.333,8.7,17.6,.494,.495,4.3,4.6,1.2,8.3,3.2,2.3,2944,21.9,.546,.129,.226,3.6,22.2,13.4,28.9,1.8,1.2,12.7,27.4,5.3,4.1,4.1,1.2,5.3,5.5,800
60,1,1991,1,Michael Jordan,27.0,CHI,77.0,891.0,960,0.928,82.0,37.0,31.5,6.0,5.5,2.7,1.0,0.539,0.851,20.3,0.321,175,SG,82,12.1,22.4,0.4,1.1,0.312,11.7,21.3,.551,.547,7.0,8.2,1.4,4.6,2.5,2.8,3034,31.6,.605,.051,.365,4.6,14.3,9.5,25.2,3.7,1.7,8.7,32.9,14.9,5.4,8.9,3.2,12.0,10.8,700
61,2,1991,0,Magic Johnson,31.0,LAL,10.0,497.0,960,0.518,79.0,37.1,19.4,7.0,12.5,1.3,0.2,0.477,0.906,15.4,0.251,171,PG,79,5.9,12.4,1.0,3.2,0.32,4.9,9.2,.532,.518,6.6,7.3,1.3,5.6,4.0,1.9,2933,25.1,.623,.256,.587,4.3,16.9,10.9,49.3,1.8,0.3,20.4,22.9,11.2,4.2,7.0,1.9,9.0,8.1,450
62,3,1991,0,David Robinson,25.0,SAS,6.0,476.0,960,0.496,82.0,37.7,25.6,13.0,2.5,1.5,3.9,0.552,0.762,17.0,0.264,287,C,81,9.2,16.7,0.0,0.1,0.143,9.2,16.6,.554,.552,7.2,9.5,4.1,8.9,3.3,3.2,3095,27.4,.615,.005,.569,12.6,24.7,19.0,10.9,2.0,6.2,13.7,26.6,9.4,7.6,5.2,3.3,8.5,8.2,600
63,4,1991,0,Charles Barkley,27.0,PHI,2.0,222.0,960,0.231,67.0,37.3,27.6,10.1,4.2,1.6,0.5,0.57,0.722,13.4,0.258,21,SF,67,9.9,17.4,0.7,2.3,0.284,9.3,15.1,.614,.589,7.1,9.8,3.9,6.3,3.1,2.6,2498,28.9,.635,.133,.564,11.8,18.6,15.3,20.6,2.2,0.8,12.6,29.1,10.3,3.1,8.3,1.0,9.3,7.0,1200
64,5,1991,0,Karl Malone,27.0,UTA,0.0,142.0,960,0.148,82.0,40.3,29.0,11.8,3.3,1.1,1.0,0.527,0.77,15.5,0.225,212,PF,82,10.3,19.6,0.0,0.2,0.286,10.3,19.4,.529,.528,8.3,10.8,2.9,8.9,3.0,3.3,3302,24.8,.596,.009,.552,9.0,24.5,17.2,14.7,1.4,1.5,10.9,30.1,9.9,5.6,4.8,0.6,5.4,6.2,1200
65,6,1991,0,Clyde Drexler,28.0,POR,1.0,75.0,960,0.078,82.0,34.8,21.5,6.7,6.0,1.8,0.7,0.482,0.794,12.4,0.209,90,SG,82,7.9,16.3,0.7,2.3,0.319,7.1,14.0,.509,.505,5.1,6.4,2.6,4.1,2.8,2.8,2852,22.1,.563,.143,.392,8.3,12.8,10.6,25.7,2.4,1.3,12.9,25.7,8.0,4.5,5.2,1.7,6.8,6.4,800
66,7,1991,0,Kevin Johnson,24.0,PHO,0.0,32.0,960,0.033,77.0,36.0,22.2,3.5,10.1,2.1,0.1,0.516,0.843,12.7,0.22,170,PG,76,7.7,14.9,0.1,0.6,0.205,7.6,14.3,.529,.520,6.7,8.0,0.7,2.8,3.5,2.3,2772,23.7,.604,.038,.538,2.2,8.1,5.3,40.7,2.8,0.2,16.0,24.8,9.5,3.3,5.5,1.1,6.6,6.0,800
67,8,1991,0,Dominique Wilkins,31.0,ATL,0.0,29.0,960,0.03,81.0,38.0,25.9,9.0,3.3,1.5,0.8,0.47,0.829,11.4,0.177,361,SF,81,9.5,20.2,1.0,3.1,0.341,8.5,17.2,.492,.495,5.9,7.1,3.2,5.8,2.5,1.9,3078,23.5,.555,.152,.350,9.0,17.3,13.0,14.4,1.9,1.3,9.6,28.1,8.6,2.8,5.4,-0.5,4.9,5.4,3500
68,9T,1991,0,Larry Bird,34.0,BOS,0.0,25.0,960,0.026,60.0,38.0,19.4,8.5,7.2,1.8,1.0,0.454,0.891,6.6,0.14,28,SF,60,7.7,17.0,1.3,3.3,0.389,6.4,13.7,.470,.492,2.7,3.1,0.9,7.6,3.1,2.0,2277,19.7,.530,.195,.180,2.8,20.4,12.3,25.9,2.3,1.5,14.6,23.7,3.0,3.6,2.9,1.7,4.6,3.8,1500
69,9T,1991,0,Terry Porter,27.0,POR,0.0,25.0,960,0.026,81.0,32.9,17.0,3.5,8.0,2.0,0.1,0.515,0.823,13.0,0.235,270,PG,81,6.0,11.7,1.6,3.9,0.415,4.4,7.8,.564,.584,3.4,4.2,0.6,2.8,2.3,1.9,2665,21.7,.632,.332,.359,2.2,9.4,5.9,34.0,2.8,0.3,14.7,19.6,9.2,3.9,5.6,1.8,7.4,6.2,800
70,1,1992,1,Michael Jordan,28.0,CHI,80.0,900.0,960,0.938,80.0,38.8,30.1,6.4,6.1,2.3,0.9,0.519,0.832,17.7,0.274,180,SG,80,11.8,22.7,0.3,1.3,0.27,11.5,21.5,.533,.526,6.1,7.4,1.1,5.3,2.5,2.5,3102,27.7,.579,.055,.325,3.5,15.3,9.5,25.7,3.0,1.5,8.8,31.7,12.1,5.6,7.2,2.5,9.7,9.2,250
71,2,1992,0,Clyde Drexler,29.0,POR,12.0,561.0,960,0.584,76.0,36.2,25.0,6.6,6.7,1.8,0.9,0.47,0.794,12.8,0.223,96,SG,76,9.1,19.4,1.5,4.4,0.337,7.6,15.0,.510,.509,5.3,6.6,2.2,4.4,3.2,3.0,2751,23.6,.560,.229,.342,6.6,13.2,9.9,29.9,2.4,1.6,12.4,28.7,8.3,4.5,6.8,1.9,8.7,7.4,400
72,3,1992,0,David Robinson,26.0,SAS,2.0,337.0,960,0.351,68.0,37.7,23.2,12.2,2.7,2.3,4.5,0.551,0.701,13.9,0.26,295,C,68,8.7,15.8,0.0,0.1,0.125,8.7,15.7,.554,.552,5.8,8.3,3.8,8.4,2.7,3.2,2564,27.5,.597,.007,.522,11.2,24.0,17.7,11.3,3.1,7.4,12.1,24.7,7.0,6.9,4.8,4.6,9.4,7.4,800
73,4,1992,0,Karl Malone,28.0,UTA,1.0,262.0,960,0.273,81.0,37.7,28.0,11.2,3.0,1.3,0.6,0.526,0.778,15.1,0.237,215,PF,81,9.9,18.7,0.0,0.2,0.176,9.8,18.5,.530,.527,8.3,10.7,2.8,8.4,3.1,2.8,3054,25.4,.599,.011,.571,8.7,24.1,16.8,13.4,1.8,1.0,11.6,30.3,9.9,5.2,5.2,0.6,5.7,5.9,1200
74,5,1992,0,Patrick Ewing,29.0,NYK,0.0,100.0,960,0.104,82.0,38.4,24.0,11.2,1.9,1.1,3.0,0.522,0.738,13.0,0.198,113,C,82,9.7,18.6,0.0,0.1,0.167,9.7,18.5,.523,.522,4.6,6.2,2.8,8.5,2.5,3.4,3150,22.8,.563,.004,.335,8.4,24.9,16.8,8.5,1.4,5.0,10.7,27.2,6.1,6.9,2.6,2.2,4.9,5.5,2200
75,6,1992,0,Chris Mullin,28.0,GSW,0.0,81.0,960,0.084,81.0,41.3,25.6,5.6,3.5,2.1,0.8,0.524,0.833,10.8,0.155,240,SF,81,10.2,19.6,0.8,2.2,0.366,9.5,17.4,.544,.544,4.3,5.2,1.6,4.0,2.5,2.1,3346,19.9,.586,.110,.265,4.2,10.4,7.4,12.2,2.4,1.1,10.2,23.6,8.1,2.7,3.6,0.1,3.7,4.8,4000
76,7,1992,0,Mark Price,27.0,CLE,0.0,66.0,960,0.069,72.0,29.7,17.3,2.4,7.4,1.3,0.2,0.488,0.947,9.1,0.205,277,PG,72,6.1,12.5,1.4,3.6,0.387,4.7,8.8,.530,.545,3.8,4.0,0.5,1.9,2.2,1.6,2138,22.7,.610,.291,.318,2.1,6.8,4.5,37.9,2.2,0.3,13.5,24.1,7.5,1.6,6.1,-0.4,5.8,4.2,4000
77,8,1992,0,Tim Hardaway,25.0,GSW,0.0,64.0,960,0.067,81.0,41.1,23.4,3.8,10.0,2.0,0.2,0.461,0.766,9.2,0.132,148,PG,81,9.1,19.7,1.6,4.6,0.338,7.5,15.0,.499,.501,3.7,4.8,1.0,2.8,3.3,2.6,3332,19.1,.537,.236,.244,2.7,7.4,5.1,33.3,2.3,0.2,13.2,24.4,7.2,2.0,3.9,-1.1,2.8,4.1,4000
78,9,1992,0,Scottie Pippen,26.0,CHI,1.0,32.0,960,0.033,82.0,38.6,21.0,7.7,7.0,1.9,1.1,0.506,0.76,12.7,0.192,272,SF,82,8.4,16.6,0.2,1.0,0.2,8.2,15.6,.525,.511,4.0,5.3,2.3,5.4,3.1,3.0,3164,21.5,.555,.059,.319,6.9,15.8,11.5,25.8,2.5,1.8,14.0,24.6,7.1,5.5,4.1,2.0,6.1,6.4,250
79,10,1992,0,Dennis Rodman,30.0,DET,0.0,26.0,960,0.027,82.0,40.3,9.8,18.7,2.3,0.8,0.9,0.539,0.6,12.6,0.183,298,PF,80,4.2,7.7,0.4,1.2,0.317,3.8,6.5,.581,.564,1.0,1.7,6.4,12.3,1.7,3.0,3301,17.0,.574,.159,.220,18.1,34.1,26.2,8.2,1.1,1.3,16.7,11.1,5.6,7.0,1.9,0.9,2.8,4.0,1000
80,1,1993,1,Charles Barkley,29.0,PHO,59.0,835.0,980,0.852,76.0,37.6,25.6,12.2,5.1,1.6,1.0,0.52,0.765,14.4,0.242,24,PF,76,9.4,18.1,0.9,2.9,0.305,8.5,15.2,.561,.545,5.9,7.7,3.1,9.1,3.1,2.6,2859,25.9,.596,.160,.423,9.5,26.3,18.1,21.2,2.0,1.6,12.5,26.9,9.6,4.8,6.3,1.4,7.8,7.1,1000
81,2,1993,0,Hakeem Olajuwon,30.0,HOU,22.0,647.0,980,0.66,82.0,39.5,26.1,13.0,3.5,1.8,4.2,0.529,0.779,15.8,0.234,256,C,82,10.3,19.5,0.0,0.1,0.0,10.3,19.5,.532,.529,5.4,7.0,3.5,9.6,3.2,3.7,3242,27.3,.577,.005,.356,10.5,25.9,18.7,15.8,2.4,6.5,12.4,28.8,7.9,8.0,3.9,3.6,7.5,7.8,3000
82,3,1993,0,Michael Jordan,29.0,CHI,13.0,565.0,980,0.577,78.0,39.3,32.6,6.7,5.5,2.8,0.8,0.495,0.837,17.2,0.27,177,SG,78,12.7,25.7,1.0,2.9,0.352,11.7,22.7,.514,.515,6.1,7.3,1.7,5.0,2.7,2.4,3067,29.7,.564,.115,.284,4.9,15.1,9.8,25.2,3.7,1.3,8.4,34.7,12.0,5.2,8.7,2.6,11.2,10.2,120
83,4,1993,0,Patrick Ewing,30.0,NYK,4.0,359.0,980,0.366,81.0,37.1,24.2,12.1,1.9,0.9,2.0,0.503,0.719,10.6,0.17,114,C,81,9.6,19.1,0.0,0.1,0.143,9.6,19.0,.504,.503,4.9,6.9,2.4,9.7,3.3,3.5,3003,20.8,.546,.005,.359,7.3,28.4,18.2,9.2,1.3,3.6,12.9,29.7,2.6,8.1,1.4,2.0,3.4,4.0,500
84,5,1993,0,Dominique Wilkins,33.0,ATL,0.0,54.0,980,0.055,71.0,37.3,29.9,6.8,3.2,1.0,0.4,0.468,0.828,10.5,0.191,366,SF,70,10.4,22.3,1.7,4.5,0.38,8.7,17.9,.490,.506,7.3,8.8,2.6,4.2,2.6,1.6,2647,24.3,.570,.199,.396,7.6,12.9,10.1,14.9,1.3,0.6,9.0,31.9,9.1,1.4,7.1,-1.7,5.4,4.9,7500
85,6,1993,0,David Robinson,27.0,SAS,0.0,33.0,980,0.034,82.0,39.2,23.4,11.7,3.7,1.5,3.2,0.501,0.732,13.2,0.197,296,C,82,8.2,16.4,0.0,0.2,0.176,8.2,16.2,.506,.503,6.8,9.3,2.8,8.9,2.9,2.9,3211,24.2,.569,.013,.568,8.6,24.8,17.1,15.0,2.0,5.1,12.5,26.4,6.7,6.4,3.6,2.7,6.4,6.8,1000
86,7,1993,0,Shaquille O'Neal,20.0,ORL,0.0,30.0,980,0.031,81.0,37.9,23.4,13.9,1.9,0.7,3.5,0.562,0.592,10.4,0.163,252,C,81,9.0,16.1,0.0,0.0,0.0,9.0,16.1,.563,.562,5.3,8.9,4.2,9.6,3.8,4.0,3071,22.9,.584,.002,.553,13.4,27.1,20.6,8.5,1.0,5.7,15.9,27.0,4.5,6.0,2.0,1.5,3.5,4.3,10000
87,8T,1993,0,Karl Malone,29.0,UTA,0.0,10.0,980,0.01,82.0,37.8,27.0,11.2,3.8,1.5,1.0,0.552,0.74,15.4,0.238,217,PF,82,9.7,17.6,0.0,0.2,0.2,9.7,17.4,.557,.554,7.5,10.2,2.8,8.4,2.9,3.2,3099,26.2,.612,.014,.579,8.6,24.6,16.9,16.9,2.0,1.8,11.7,28.4,10.4,5.0,6.0,1.4,7.3,7.3,1000
88,8T,1993,0,Mark Price,28.0,CLE,0.0,10.0,980,0.01,75.0,31.7,18.2,2.7,8.0,1.2,0.1,0.484,0.948,9.8,0.197,282,PG,74,6.4,13.1,1.6,3.9,0.416,4.7,9.2,.512,.546,3.9,4.1,0.5,2.2,2.6,1.4,2380,22.1,.609,.297,.309,1.9,7.6,4.8,38.1,1.9,0.3,14.9,24.5,7.4,2.3,5.8,-0.6,5.3,4.4,500
89,10T,1993,0,Brad Daugherty,27.0,CLE,0.0,1.0,980,0.001,71.0,37.9,20.2,10.2,4.4,0.7,0.8,0.571,0.795,12.7,0.226,85,C,71,7.3,12.8,0.0,0.0,0.5,7.3,12.8,.571,.571,5.5,6.9,2.3,7.9,2.1,2.5,2691,22.0,.635,.002,.540,7.3,22.9,15.5,17.3,1.0,1.3,11.7,21.1,8.8,3.9,4.0,0.9,4.9,4.7,500
90,1,1994,1,Hakeem Olajuwon,31.0,HOU,66.0,889.0,1010,0.88,80.0,41.0,27.3,11.9,3.6,1.6,3.7,0.528,0.716,14.3,0.21,275,C,80,11.2,21.2,0.1,0.2,0.421,11.1,20.9,.529,.530,4.9,6.8,2.9,9.1,3.4,3.6,3277,25.3,.565,.011,.320,8.2,23.3,16.2,16.4,2.0,5.7,12.3,29.8,6.4,7.9,3.5,3.3,6.8,7.3,1200
91,2,1994,0,David Robinson,28.0,SAS,24.0,730.0,1010,0.723,80.0,40.5,29.8,10.7,4.8,1.7,3.3,0.507,0.749,20.0,0.296,313,C,80,10.5,20.7,0.1,0.4,0.345,10.4,20.4,.510,.510,8.7,11.6,3.0,7.7,3.2,2.9,3241,30.7,.577,.017,.558,8.8,20.3,14.8,21.6,2.3,5.4,10.9,32.0,13.3,6.7,8.1,3.8,11.9,11.4,1200
92,3,1994,0,Scottie Pippen,28.0,CHI,7.0,390.0,1010,0.386,72.0,38.3,22.0,8.7,5.6,2.9,0.8,0.491,0.66,11.2,0.194,296,SF,72,8.7,17.8,0.9,2.7,0.32,7.8,15.0,.522,.515,3.8,5.7,2.4,6.3,3.2,3.2,2759,23.2,.544,.154,.320,7.3,19.4,13.3,24.6,4.0,1.4,13.7,27.1,5.2,6.0,4.5,3.2,7.7,6.8,1500
93,4,1994,0,Shaquille O'Neal,21.0,ORL,3.0,289.0,1010,0.286,81.0,39.8,29.3,13.2,2.4,0.9,2.9,0.599,0.554,16.9,0.252,272,C,81,11.8,19.6,0.0,0.0,0.0,11.8,19.6,.600,.599,5.8,10.5,4.7,8.5,2.7,3.5,3224,28.5,.605,.001,.534,13.5,23.7,18.7,11.0,1.2,4.5,10.2,29.0,12.1,4.8,6.2,0.6,6.8,7.2,1400
94,5,1994,0,Patrick Ewing,31.0,NYK,1.0,255.0,1010,0.252,79.0,37.6,24.5,11.2,2.3,1.1,2.7,0.496,0.765,13.1,0.211,121,C,79,9.4,19.0,0.1,0.2,0.286,9.4,18.8,.498,.497,5.6,7.4,2.8,8.4,3.3,3.5,2972,22.9,.551,.009,.387,8.5,24.9,16.9,11.3,1.6,5.1,12.9,29.8,5.1,8.0,2.5,2.7,5.2,5.5,200
95,6,1994,0,Gary Payton,25.0,SEA,0.0,20.0,1010,0.02,82.0,35.1,16.5,3.3,6.0,2.3,0.2,0.504,0.595,9.3,0.155,284,PG,82,7.1,14.1,0.2,0.7,0.278,6.9,13.5,.515,.510,2.0,3.4,1.3,2.0,2.1,2.8,2881,17.8,.526,.047,.241,4.3,6.8,5.5,26.7,3.3,0.5,11.9,21.6,5.2,4.1,1.9,1.2,3.1,3.7,600
96,7T,1994,0,Shawn Kemp,24.0,SEA,0.0,17.0,1010,0.017,79.0,32.9,18.1,10.8,2.6,1.8,2.1,0.538,0.741,11.7,0.216,201,PF,73,6.7,12.5,0.0,0.1,0.25,6.7,12.5,.540,.539,4.6,6.2,3.9,6.8,3.3,3.9,2597,22.9,.593,.004,.496,14.2,24.7,19.4,12.4,2.8,4.6,17.7,24.2,5.6,6.0,2.4,2.0,4.4,4.2,600
97,7T,1994,0,Karl Malone,30.0,UTA,0.0,17.0,1010,0.017,82.0,40.6,25.2,11.5,4.0,1.5,1.5,0.497,0.694,13.4,0.193,236,PF,82,9.4,18.9,0.1,0.4,0.25,9.3,18.5,.503,.500,6.2,9.0,2.9,8.6,2.9,3.3,3329,22.9,.550,.021,.474,8.3,24.1,16.3,17.1,1.9,2.6,11.1,28.0,7.4,6.1,4.1,1.6,5.7,6.5,2500
98,9,1994,0,Mark Price,29.0,CLE,0.0,7.0,1010,0.007,76.0,31.4,17.3,3.0,7.8,1.4,0.1,0.478,0.888,10.0,0.201,300,PG,73,6.3,13.2,1.6,3.9,0.397,4.8,9.3,.511,.536,3.1,3.5,0.5,2.5,2.5,1.2,2386,22.7,.586,.296,.267,1.9,9.2,5.6,42.0,2.3,0.3,14.4,24.6,7.6,2.4,6.3,0.1,6.4,5.0,500
99,10,1994,0,Charles Barkley,30.0,PHO,0.0,5.0,1010,0.005,65.0,35.4,21.6,11.2,4.6,1.6,0.6,0.495,0.704,8.8,0.185,24,PF,65,8.0,16.1,0.7,2.7,0.27,7.2,13.4,.541,.518,4.9,7.0,3.0,8.1,3.2,2.5,2298,22.8,.563,.170,.432,9.8,25.6,17.8,20.0,2.2,1.0,14.2,26.5,5.6,3.3,4.5,0.7,5.2,4.2,300
100,1,1995,1,David Robinson,29.0,SAS,73.0,901.0,1050,0.858,81.0,38.0,27.6,10.8,2.9,1.7,3.2,0.53,0.774,17.5,0.273,306,C,81,9.7,18.4,0.1,0.2,0.3,9.7,18.1,.533,.532,8.1,10.5,2.9,7.9,2.9,2.8,3074,29.1,.602,.013,.570,9.1,22.6,16.2,13.7,2.2,5.9,11.1,29.9,10.7,6.7,6.0,3.2,9.2,8.7,1000
101,2,1995,0,Shaquille O'Neal,22.0,ORL,12.0,605.0,1050,0.576,79.0,37.0,29.3,11.4,2.7,0.9,2.4,0.583,0.533,14.0,0.23,264,C,79,11.8,20.2,0.0,0.1,0.0,11.8,20.1,.585,.583,5.8,10.8,4.2,7.3,2.6,3.3,2923,28.6,.588,.003,.536,13.3,21.7,17.6,13.3,1.3,4.5,9.4,31.9,9.6,4.4,5.6,0.2,5.8,5.7,450
102,3,1995,0,Karl Malone,31.0,UTA,14.0,532.0,1050,0.507,82.0,38.1,26.7,10.6,3.5,1.6,1.0,0.536,0.742,13.8,0.212,221,PF,82,10.1,18.9,0.1,0.5,0.268,10.0,18.4,.543,.540,6.3,8.5,1.9,8.7,2.9,3.3,3126,25.1,.590,.026,.449,6.6,27.2,17.4,16.4,2.1,2.2,11.3,30.3,8.1,5.8,4.3,1.3,5.6,6.0,1500
103,4,1995,0,Patrick Ewing,32.0,NYK,2.0,230.0,1050,0.219,79.0,37.0,23.9,11.0,2.7,0.9,2.0,0.503,0.75,9.6,0.157,116,C,79,9.2,18.4,0.1,0.3,0.286,9.2,18.1,.506,.505,5.3,7.1,2.0,9.0,3.2,3.4,2920,21.9,.555,.014,.386,6.6,27.5,17.4,14.4,1.2,4.1,13.1,30.7,3.1,6.5,1.8,1.8,3.5,4.1,450
104,5,1995,0,Hakeem Olajuwon,32.0,HOU,1.0,147.0,1050,0.14,72.0,39.6,27.8,10.8,3.5,1.8,3.4,0.517,0.756,10.7,0.181,266,C,72,11.1,21.5,0.0,0.2,0.188,11.0,21.2,.520,.517,5.6,7.5,2.4,8.4,3.3,3.5,2853,26.0,.563,.010,.348,7.3,23.1,15.6,17.2,2.4,5.9,11.7,31.7,5.1,5.6,2.8,2.6,5.4,5.4,450
105,6,1995,0,Charles Barkley,31.0,PHO,1.0,96.0,1050,0.091,68.0,35.0,23.0,11.1,4.1,1.6,0.7,0.486,0.748,10.6,0.214,20,PF,66,8.1,16.8,1.1,3.2,0.338,7.1,13.6,.521,.518,5.6,7.5,3.0,8.1,2.2,3.0,2382,25.2,.572,.192,.444,9.8,26.8,18.2,18.9,2.3,1.4,9.9,27.5,7.4,3.3,5.6,0.7,6.3,5.0,350
106,7,1995,0,Scottie Pippen,29.0,CHI,1.0,83.0,1050,0.079,79.0,38.2,21.4,8.1,5.2,2.9,1.1,0.48,0.716,11.8,0.188,287,SF,79,8.0,16.7,1.4,4.0,0.345,6.6,12.7,.523,.522,4.0,5.6,2.2,5.9,3.4,3.0,3014,22.6,.559,.239,.333,6.9,18.2,12.5,22.8,4.0,2.2,15.2,26.3,5.1,6.7,4.4,3.0,7.5,7.2,1200
107,8,1995,0,John Stockton,32.0,UTA,1.0,47.0,1050,0.045,82.0,35.0,14.7,3.1,12.3,2.4,0.3,0.542,0.804,13.9,0.233,349,PG,82,5.2,9.6,1.2,2.8,0.449,4.0,6.9,.580,.607,3.0,3.7,0.7,2.4,3.3,2.6,2867,23.3,.651,.287,.387,2.6,8.0,5.5,52.6,3.5,0.6,22.4,18.9,9.9,4.0,7.0,2.0,9.0,7.9,1500
108,9,1995,0,Gary Payton,26.0,SEA,0.0,34.0,1050,0.032,82.0,36.8,20.6,3.4,7.1,2.5,0.2,0.509,0.716,11.7,0.187,273,PG,82,8.4,16.4,0.9,2.8,0.302,7.5,13.6,.553,.535,3.0,4.2,1.3,2.1,2.5,2.5,3015,21.3,.564,.172,.259,4.3,6.7,5.5,31.8,3.4,0.3,11.8,24.4,8.2,3.5,4.1,0.8,4.9,5.2,450
109,10,1995,0,Anfernee Hardaway,23.0,ORL,0.0,23.0,1050,0.022,77.0,37.7,20.9,4.4,7.2,1.7,0.3,0.512,0.769,10.7,0.177,149,PG,77,7.6,14.8,1.1,3.2,0.349,6.5,11.6,.558,.550,4.6,6.0,1.8,2.6,3.4,2.1,2901,20.8,.599,.218,.405,5.7,7.5,6.6,28.5,2.3,0.6,16.1,23.7,8.2,2.5,4.4,-0.3,4.1,4.5,450
110,1,1996,1,Michael Jordan,32.0,CHI,109.0,1114.0,1130,0.986,82.0,37.7,30.4,6.6,4.3,2.2,0.5,0.495,0.834,20.4,0.317,190,SG,82,11.2,22.6,1.4,3.2,0.427,9.8,19.4,.506,.525,6.7,8.0,1.8,4.8,2.4,2.4,3090,29.4,.582,.141,.355,5.6,14.9,10.2,21.2,3.1,1.0,8.4,33.3,14.2,6.2,8.3,2.2,10.5,9.8,350
111,2,1996,0,David Robinson,30.0,SAS,0.0,574.0,1130,0.508,82.0,36.8,25.0,12.2,3.0,1.4,3.3,0.516,0.761,18.3,0.29,323,C,82,8.7,16.8,0.0,0.1,0.333,8.6,16.7,.517,.517,7.6,10.0,3.9,8.3,2.3,3.2,3019,29.4,.589,.007,.597,12.3,24.2,18.4,14.6,1.9,6.4,9.8,28.8,11.1,7.2,5.8,3.1,8.9,8.3,700
112,3,1996,0,Anfernee Hardaway,24.0,ORL,2.0,360.0,1130,0.319,82.0,36.8,21.7,4.3,7.1,2.0,0.5,0.513,0.767,14.4,0.229,154,PG,82,7.6,14.8,1.1,3.5,0.314,6.5,11.4,.573,.549,5.4,7.1,1.6,2.7,2.8,2.0,3015,24.6,.605,.233,.477,5.1,8.5,6.8,32.2,2.9,1.0,13.5,25.5,11.0,3.4,6.2,1.0,7.2,6.9,400
113,4,1996,0,Hakeem Olajuwon,33.0,HOU,1.0,238.0,1130,0.211,72.0,38.8,26.9,10.9,3.6,1.6,2.9,0.514,0.724,9.7,0.166,276,C,72,10.7,20.8,0.0,0.2,0.214,10.6,20.6,.517,.515,5.5,7.6,2.4,8.4,3.4,3.4,2797,25.5,.558,.009,.367,7.3,24.0,15.9,18.3,2.1,5.3,12.5,31.9,4.5,5.2,2.8,2.0,4.9,4.9,700
114,5,1996,0,Scottie Pippen,30.0,CHI,0.0,226.0,1130,0.2,77.0,36.7,19.4,6.4,5.9,1.7,0.7,0.463,0.679,12.3,0.209,297,SF,77,7.3,15.8,1.9,5.2,0.374,5.4,10.6,.507,.525,2.9,4.2,2.0,4.5,2.7,2.6,2825,21.0,.551,.330,.266,6.3,14.2,10.2,25.2,2.5,1.5,13.2,24.4,7.0,5.3,4.6,1.7,6.3,5.9,350
115,6,1996,0,Gary Payton,27.0,SEA,0.0,98.0,1130,0.087,81.0,39.0,19.3,4.2,7.5,2.9,0.2,0.484,0.748,11.5,0.174,284,PG,81,7.6,15.8,1.2,3.7,0.328,6.4,12.1,.532,.523,2.8,3.8,1.3,2.9,3.2,2.7,3162,19.6,.554,.234,.240,4.1,8.4,6.3,33.3,3.7,0.5,15.6,23.6,5.9,5.6,2.8,1.8,4.6,5.2,800
116,7,1996,0,Karl Malone,32.0,UTA,1.0,85.0,1130,0.075,82.0,38.0,25.7,9.8,4.2,1.7,0.7,0.519,0.723,15.1,0.233,225,PF,82,9.6,18.5,0.2,0.5,0.4,9.4,18.0,.522,.524,6.2,8.6,2.1,7.7,2.4,3.0,3113,26.0,.575,.026,.466,7.1,24.2,15.8,20.6,2.4,1.5,9.8,29.8,9.9,5.3,5.6,1.4,7.0,7.1,1000
117,8,1996,0,Shawn Kemp,26.0,SEA,0.0,73.0,1130,0.065,79.0,33.3,19.6,11.4,2.2,1.2,1.6,0.561,0.742,11.2,0.205,193,PF,76,6.7,11.9,0.1,0.2,0.417,6.6,11.7,.563,.564,6.2,8.4,3.5,7.9,4.0,3.8,2631,22.6,.631,.013,.709,13.0,26.9,20.3,11.5,1.8,3.8,20.4,26.2,5.2,6.1,1.5,1.3,2.8,3.2,800
118,9T,1996,0,Grant Hill,23.0,DET,0.0,63.0,1130,0.056,80.0,40.8,20.2,9.8,6.9,1.3,0.6,0.462,0.751,11.7,0.172,165,SF,80,7.1,15.3,0.1,0.3,0.192,7.0,14.9,.468,.464,6.1,8.1,1.6,8.2,3.3,3.0,3260,20.9,.537,.021,.529,4.9,23.4,14.5,31.4,1.7,1.2,14.9,25.9,6.0,5.7,3.1,1.7,4.8,5.6,6000
119,9T,1996,0,Shaquille O'Neal,23.0,ORL,0.0,63.0,1130,0.056,54.0,36.0,26.6,11.0,2.9,0.6,2.1,0.573,0.487,6.9,0.171,273,C,52,11.0,19.1,0.0,0.0,0.5,10.9,19.1,.573,.574,4.6,9.5,3.4,7.7,2.9,3.6,1946,26.4,.570,.002,.495,11.1,24.2,17.8,15.9,0.9,4.4,11.0,32.8,3.9,3.0,3.5,0.2,3.7,2.8,400
120,1,1997,1,Karl Malone,33.0,UTA,63.0,986.0,1150,0.857,82.0,36.6,27.4,9.9,4.5,1.4,0.6,0.55,0.755,16.7,0.268,228,PF,82,10.5,19.2,0.0,0.2,.000,10.5,19.0,.555,.550,6.4,8.4,2.4,7.5,2.8,2.6,2998,28.9,.600,.008,.439,8.5,24.2,16.8,24.5,2.0,1.3,11.1,32.7,11.6,5.1,7.1,1.2,8.2,7.7,1800
121,2,1997,0,Michael Jordan,33.0,CHI,52.0,957.0,1150,0.832,82.0,37.9,29.6,5.9,4.3,1.7,0.5,0.486,0.833,18.3,0.283,192,SG,82,11.2,23.1,1.4,3.6,.374,9.9,19.5,.507,.516,5.9,7.0,1.4,4.5,2.0,1.9,3106,27.8,.567,.157,.304,4.2,13.2,8.8,21.2,2.4,1.1,7.2,33.2,13.3,5.0,7.8,1.1,8.9,8.6,100
122,3,1997,0,Grant Hill,24.0,DET,0.0,376.0,1150,0.327,80.0,39.3,21.4,9.0,7.3,1.8,0.6,0.496,0.711,14.6,0.223,168,SF,80,7.8,15.7,0.1,0.4,.303,7.7,15.3,.502,.500,5.6,7.9,1.5,7.5,3.2,2.3,3147,25.5,.556,.026,.503,5.0,23.1,14.2,36.0,2.6,1.3,14.4,28.3,8.7,5.9,5.4,2.7,8.2,8.0,5000
123,4,1997,0,Tim Hardaway,30.0,MIA,0.0,238.0,1150,0.207,81.0,38.7,20.3,3.4,8.6,1.9,0.1,0.415,0.799,12.9,0.198,156,PG,81,7.1,17.1,2.5,7.3,.344,4.6,9.8,.469,.489,3.6,4.5,0.6,2.8,2.8,2.0,3136,20.8,.532,.426,.263,1.9,8.5,5.2,41.9,2.6,0.2,13.0,26.6,7.9,5.0,5.2,1.0,6.2,6.5,1500
124,5,1997,0,Glen Rice,29.0,CHH,0.0,134.0,1150,0.117,79.0,42.6,26.8,4.0,2.0,0.9,0.3,0.477,0.867,10.8,0.154,318,SF,78,9.1,19.2,2.6,5.6,.470,6.5,13.6,.480,.546,5.9,6.8,0.8,3.2,2.2,2.4,3362,19.7,.605,.291,.354,2.5,8.8,5.7,8.8,1.2,0.6,9.2,26.9,9.6,1.2,3.9,-2.1,1.8,3.2,5000
125,6,1997,0,Gary Payton,28.0,SEA,0.0,105.0,1150,0.091,82.0,39.2,21.8,4.6,7.1,2.4,0.2,0.476,0.715,12.9,0.193,295,PG,82,8.6,18.1,1.5,4.6,.313,7.2,13.4,.533,.517,3.1,4.3,1.3,3.3,2.6,2.5,3213,21.8,.545,.256,.240,4.0,10.2,7.1,33.8,3.3,0.3,11.6,26.4,8.2,4.7,4.4,1.1,5.5,6.1,600
126,7,1997,0,Hakeem Olajuwon,34.0,HOU,0.0,95.0,1150,0.083,78.0,36.6,23.2,9.2,3.0,1.5,2.2,0.51,0.787,9.1,0.154,285,C,78,9.3,18.3,0.1,0.2,.313,9.3,18.1,.512,.512,4.5,5.7,2.2,7.0,3.6,3.2,2852,22.7,.558,.011,.313,7.4,21.0,14.5,16.2,2.1,4.5,14.8,30.4,3.5,5.6,1.5,2.0,3.5,4.0,800
127,8,1997,0,Patrick Ewing,34.0,NYK,0.0,57.0,1150,0.05,78.0,37.0,22.4,10.7,2.0,0.9,2.4,0.488,0.754,9.8,0.163,120,C,78,8.4,17.2,0.0,0.1,.222,8.4,17.1,.490,.489,5.6,7.5,2.2,8.4,3.4,3.2,2887,21.3,.548,.007,.434,7.5,26.4,17.3,10.8,1.3,5.3,14.4,29.8,2.9,6.9,0.9,1.9,2.8,3.5,800
128,9T,1997,0,Anthony Mason,30.0,CHH,0.0,7.0,1150,0.006,73.0,43.1,16.2,11.4,5.7,1.0,0.5,0.525,0.745,11.4,0.173,239,PF,73,5.9,11.3,0.0,0.0,.333,5.9,11.3,.526,.525,4.4,5.9,2.5,8.8,2.3,2.8,3143,18.9,.585,.004,.519,7.4,24.0,16.0,21.4,1.3,0.8,14.0,17.6,8.0,3.3,2.6,0.8,3.5,4.3,5000
129,9T,1997,0,Shaquille O'Neal,24.0,LAL,0.0,7.0,1150,0.006,51.0,38.1,26.2,12.5,3.1,0.9,2.9,0.557,0.484,8.0,0.197,283,C,51,10.8,19.4,0.0,0.1,.000,10.8,19.4,.559,.557,4.5,9.4,3.8,8.7,2.9,3.5,1941,27.1,.556,.004,.483,11.6,25.9,18.8,17.3,1.2,5.8,10.8,31.1,4.1,3.9,4.7,1.8,6.5,4.1,500
130,1,1998,1,Michael Jordan,34.0,CHI,92.0,1084.0,1160,0.934,82.0,38.8,28.7,5.8,3.5,1.7,0.5,0.465,0.784,15.8,0.238,203,SG,82,10.7,23.1,0.4,1.5,.238,10.4,21.5,.482,.473,6.9,8.8,1.6,4.2,2.3,1.8,3181,25.2,.533,.067,.381,4.7,12.5,8.5,18.0,2.4,1.0,7.7,33.7,10.4,5.4,5.9,1.0,6.9,7.1,140
131,2,1998,0,Karl Malone,34.0,UTA,20.0,842.0,1160,0.726,81.0,37.4,27.0,10.3,3.9,1.2,0.9,0.53,0.761,16.4,0.259,236,PF,81,9.6,18.2,0.0,0.1,.333,9.6,18.1,.531,.531,7.8,10.2,2.3,8.0,3.0,2.9,3030,27.9,.597,.004,.560,8.3,24.8,17.1,20.9,1.7,1.7,11.9,31.8,12.1,4.3,6.6,0.7,7.3,7.1,600
132,3,1998,0,Gary Payton,29.0,SEA,3.0,431.0,1160,0.372,82.0,38.4,19.2,4.6,8.3,2.3,0.2,0.453,0.744,12.5,0.19,297,PG,82,7.1,15.6,1.6,4.8,.338,5.4,10.7,.505,.505,3.4,4.6,0.9,3.6,2.8,2.4,3145,21.6,.544,.311,.293,3.0,11.2,7.1,36.7,3.1,0.4,13.7,24.6,8.5,4.0,4.4,0.7,5.1,5.7,800
133,4,1998,0,Shaquille O'Neal,25.0,LAL,1.0,311.0,1160,0.268,60.0,36.3,28.3,11.4,2.4,0.7,2.4,0.584,0.527,10.2,0.224,284,C,57,11.2,19.1,0.0,0.0,,11.2,19.1,.584,.584,6.0,11.4,3.5,7.9,2.9,3.2,2175,28.8,.587,.000,.594,11.1,24.0,17.7,13.5,0.9,4.6,10.8,32.9,6.7,3.4,5.7,0.2,5.8,4.3,700
134,5,1998,0,Tim Duncan,21.0,SAS,0.0,148.0,1160,0.128,82.0,39.1,21.1,11.9,2.7,0.7,2.5,0.549,0.662,12.8,0.192,110,PF,82,8.6,15.7,0.0,0.1,.000,8.6,15.6,.553,.549,3.9,5.9,3.3,8.6,3.4,3.1,3204,22.6,.577,.008,.375,10.5,23.8,17.6,13.7,0.9,4.5,15.7,26.0,5.6,7.2,2.5,2.1,4.6,5.4,800
135,6,1998,0,Tim Hardaway,31.0,MIA,0.0,71.0,1160,0.061,81.0,37.4,18.9,3.7,8.3,1.7,0.2,0.431,0.781,11.7,0.185,162,PG,81,6.9,16.0,1.9,5.5,.351,5.0,10.5,.472,.490,3.2,4.1,0.6,3.1,2.8,2.5,3031,20.6,.530,.341,.254,1.9,9.4,5.8,41.3,2.4,0.4,13.5,25.6,7.9,3.8,4.8,0.4,5.2,5.5,1200
136,7,1998,0,David Robinson,32.0,SAS,0.0,36.0,1160,0.031,73.0,33.7,21.6,10.6,2.7,0.9,2.6,0.511,0.735,13.8,0.269,331,C,73,7.5,14.6,0.0,0.1,.250,7.4,14.5,.512,.511,6.6,9.0,3.3,7.3,2.8,2.8,2457,27.8,.581,.004,.620,12.0,23.7,18.2,15.9,1.4,5.5,13.0,29.7,7.8,6.0,5.4,2.9,8.3,6.3,800
137,8,1998,0,Vin Baker,26.0,SEA,0.0,24.0,1160,0.021,82.0,35.9,19.2,8.0,1.9,1.1,1.0,0.542,0.591,10.4,0.169,19,C,82,7.7,14.2,0.0,0.1,.143,7.7,14.1,.545,.543,3.8,6.4,3.5,4.5,2.1,3.4,2944,20.4,.564,.006,.452,11.8,14.8,13.3,9.3,1.7,2.2,11.1,24.7,6.9,3.5,1.9,-0.9,1.0,2.2,800
138,9,1998,0,Grant Hill,25.0,DET,0.0,23.0,1160,0.02,81.0,40.7,21.1,7.7,6.8,1.8,0.7,0.452,0.74,10.2,0.149,174,SF,81,7.6,16.8,0.0,0.3,.143,7.6,16.5,.457,.453,5.9,8.0,1.1,6.5,3.5,2.4,3294,21.2,.520,.015,.475,3.3,19.3,11.3,31.5,2.4,1.2,14.8,27.3,5.2,5.1,3.3,1.5,4.7,5.6,1500
139,10,1998,0,Scottie Pippen,32.0,CHI,0.0,14.0,1160,0.012,44.0,37.5,19.1,5.2,5.8,1.8,1.0,0.447,0.777,6.6,0.193,307,SF,44,7.2,16.0,1.4,4.4,.318,5.8,11.6,.496,.491,3.4,4.4,1.2,4.0,2.5,2.6,1652,20.4,.533,.273,.274,3.7,12.1,7.9,26.5,2.6,1.9,12.1,24.4,3.7,3.0,3.3,1.6,5.0,2.9,140
140,1,1999,1,Karl Malone,35.0,UTA,44.0,827.0,1180,0.701,49.0,37.4,23.8,9.4,4.1,1.3,0.6,0.493,0.788,9.6,0.252,231,PF,49,8.0,16.3,0.0,0.0,0.0,8.0,16.2,.494,.493,7.7,9.8,2.2,7.3,3.3,2.7,1832,25.6,.577,.001,.602,7.7,22.1,15.4,23.0,1.9,1.2,13.8,30.5,6.2,3.4,5.3,1.4,6.7,4.0,350
141,2,1999,0,Alonzo Mourning,28.0,MIA,36.0,773.0,1180,0.655,46.0,38.1,20.1,11.0,1.6,0.7,3.9,0.511,0.652,7.9,0.216,269,C,46,7.0,13.8,0.0,0.0,0.0,7.0,13.7,.513,.511,6.0,9.2,3.6,7.4,3.0,3.5,1753,24.6,.563,.003,.667,12.3,22.0,17.5,8.7,1.1,7.7,14.5,27.1,4.0,3.9,2.7,2.3,4.9,3.1,500
142,3,1999,0,Tim Duncan,22.0,SAS,30.0,740.0,1180,0.627,50.0,39.3,21.7,11.4,2.4,0.9,2.5,0.495,0.69,8.7,0.213,111,PF,50,8.4,16.9,0.0,0.1,0.143,8.3,16.8,.498,.495,4.9,7.2,3.2,8.2,2.9,2.9,1963,23.2,.541,.008,.424,9.7,22.2,16.3,12.1,1.2,4.4,12.7,27.2,4.0,4.7,2.7,1.8,4.5,3.2,450
143,4,1999,0,Allen Iverson,23.0,PHI,5.0,319.0,1180,0.27,48.0,41.5,26.8,4.9,4.6,2.3,0.1,0.412,0.751,7.2,0.173,178,SG,48,9.1,22.0,1.2,4.1,0.291,7.9,17.9,.440,.439,7.4,9.9,1.4,3.5,3.5,2.0,1990,22.2,.508,.188,.449,3.8,10.1,6.9,24.2,3.0,0.3,11.7,32.6,4.3,2.9,5.1,0.6,5.7,3.9,10000
144,5,1999,0,Jason Kidd,25.0,PHO,2.0,159.0,1180,0.135,50.0,41.2,16.9,6.8,10.8,2.3,0.4,0.444,0.757,8.1,0.188,203,PG,50,6.2,14.0,0.9,2.5,0.366,5.3,11.5,.461,.476,3.6,4.8,1.7,5.0,3.0,2.2,2060,22.5,.527,.176,.342,4.8,14.5,9.6,44.0,3.0,0.7,15.7,21.4,5.8,2.3,4.4,1.1,5.5,3.9,2500
145,6,1999,0,Shaquille O'Neal,26.0,LAL,1.0,89.0,1180,0.075,49.0,34.8,26.3,10.7,2.3,0.7,1.7,0.576,0.54,9.0,0.255,285,C,49,10.4,18.1,0.0,0.0,0.0,10.4,18.0,.577,.576,5.5,10.2,3.8,6.9,2.5,3.2,1705,30.6,.584,.001,.563,13.1,22.6,18.0,14.4,1.1,3.5,10.0,32.4,7.2,1.9,7.5,-0.4,7.1,3.9,300
146,7,1999,0,Chris Webber,25.0,SAC,0.0,51.0,1180,0.043,42.0,40.9,20.0,13.0,4.1,1.4,2.1,0.486,0.454,3.6,0.102,406,PF,42,9.0,18.5,0.1,0.8,0.118,8.9,17.7,.503,.488,1.9,4.1,3.5,9.4,3.5,3.5,1719,19.5,.491,.044,.224,9.2,24.2,16.7,17.8,1.7,3.3,14.8,24.9,1.0,2.7,0.8,1.1,1.9,1.7,20000
147,8,1999,0,Grant Hill,26.0,DET,0.0,39.0,1180,0.033,50.0,37.0,21.1,7.1,6.0,1.6,0.5,0.479,0.752,7.3,0.189,166,SF,50,7.7,16.0,0.0,0.3,0.0,7.7,15.8,.487,.479,5.7,7.6,1.3,5.8,3.7,2.3,1852,23.9,.543,.017,.473,4.3,19.3,11.7,33.6,2.4,1.2,16.0,29.6,4.5,2.8,4.8,1.4,6.2,3.8,3500
148,9,1999,0,Gary Payton,30.0,SEA,0.0,35.0,1180,0.03,50.0,40.2,21.7,4.9,8.7,2.2,0.2,0.434,0.721,7.2,0.172,300,PG,50,8.0,18.5,1.7,5.6,0.295,6.4,12.8,.495,.479,4.0,5.5,1.2,3.6,3.1,2.3,2008,23.1,.519,.304,.299,3.5,10.6,7.0,41.3,2.9,0.4,12.9,27.1,6.0,1.2,5.1,0.0,5.1,3.6,1200
149,10,1999,0,Kevin Garnett,22.0,MIN,0.0,9.0,1180,0.008,47.0,37.9,20.8,10.4,4.3,1.7,1.8,0.46,0.704,5.4,0.146,131,PF,47,8.8,19.1,0.1,0.3,0.286,8.7,18.9,.463,.462,3.1,4.4,3.5,6.9,2.9,3.2,1780,22.4,.493,.016,.229,9.7,22.0,15.4,21.3,2.3,3.5,12.0,27.8,2.4,3.0,3.6,1.7,5.3,3.3,4000
150,1,2000,1,Shaquille O'Neal,27.0,LAL,120.0,1207.0,1210,0.998,79.0,40.0,29.7,13.6,3.8,0.5,3.0,0.574,0.524,18.6,0.283,294,C,79,12.1,21.1,0.0,0.0,0.0,12.1,21.1,.575,.574,5.5,10.4,4.3,9.4,2.8,3.2,3163,30.6,.578,.001,.495,11.5,24.8,18.3,19.3,0.6,5.3,9.9,31.2,11.7,7.0,7.3,2.0,9.3,9.0,400
151,2,2000,0,Kevin Garnett,23.0,MIN,0.0,408.0,1210,0.337,81.0,40.0,22.9,11.8,5.0,1.5,1.6,0.497,0.765,11.6,0.172,140,PF,81,9.4,18.8,0.4,1.0,0.37,9.0,17.8,.504,.507,3.8,5.0,2.8,9.0,3.3,2.5,3243,23.6,.545,.053,.265,7.9,26.6,17.1,21.5,1.9,2.8,13.6,27.4,6.1,5.6,4.6,1.7,6.3,6.8,4000
152,3,2000,0,Alonzo Mourning,29.0,MIA,0.0,367.0,1210,0.303,79.0,34.8,21.7,9.5,1.6,0.5,3.7,0.551,0.711,12.9,0.226,280,C,78,8.3,15.0,0.0,0.1,0.0,8.3,14.9,.553,.551,5.2,7.4,2.7,6.8,2.7,3.9,2748,25.8,.596,.003,.492,9.5,21.6,15.9,8.7,0.8,7.8,13.1,28.1,7.3,5.6,3.1,2.2,5.3,5.0,800
153,4,2000,0,Karl Malone,36.0,UTA,0.0,312.0,1210,0.258,82.0,35.9,25.5,9.5,3.7,1.0,0.9,0.509,0.797,15.3,0.249,243,PF,82,9.2,18.0,0.0,0.1,0.25,9.1,17.9,.511,.510,7.2,9.0,2.1,7.4,2.8,2.8,2947,27.1,.582,.005,.501,7.1,24.7,16.1,20.9,1.4,1.9,11.4,31.9,10.7,4.5,6.4,1.1,7.5,7.1,800
154,5,2000,0,Tim Duncan,23.0,SAS,0.0,248.0,1210,0.205,74.0,38.9,23.2,12.4,3.2,0.9,2.2,0.49,0.761,13.0,0.218,117,PF,74,8.5,17.3,0.0,0.1,0.091,8.5,17.2,.494,.491,6.2,8.1,3.5,8.9,3.3,2.8,2875,24.8,.555,.009,.471,10.8,24.8,18.1,15.5,1.2,4.0,13.5,28.7,6.7,6.4,3.8,1.8,5.6,5.5,500
155,6,2000,0,Gary Payton,31.0,SEA,0.0,180.0,1210,0.149,82.0,41.8,24.2,6.5,8.9,1.9,0.2,0.448,0.735,13.9,0.195,311,PG,82,9.1,20.3,2.2,6.3,0.34,7.0,14.0,.497,.502,3.8,5.2,1.2,5.2,2.7,2.2,3425,23.6,.535,.312,.254,3.2,13.9,8.5,37.7,2.3,0.4,10.8,26.8,10.5,3.5,5.8,0.7,6.4,7.3,5000
156,7,2000,0,Allen Iverson,24.0,PHI,1.0,132.0,1210,0.109,70.0,40.8,28.4,3.8,4.7,2.1,0.1,0.421,0.713,6.9,0.116,187,SG,70,10.4,24.8,1.3,3.7,0.341,9.1,21.0,.435,.446,6.3,8.9,1.0,2.8,3.3,2.3,2853,20.0,.496,.151,.358,2.7,7.7,5.2,23.0,2.6,0.1,10.3,34.4,3.3,3.6,3.4,-0.2,3.2,3.8,4000
157,8,2000,0,Grant Hill,27.0,DET,0.0,113.0,1210,0.093,74.0,37.5,25.8,6.6,5.2,1.4,0.6,0.489,0.795,10.7,0.185,175,SF,74,9.4,19.2,0.5,1.3,0.347,8.9,17.9,.500,.501,6.5,8.2,1.3,5.3,3.2,2.6,2776,24.5,.565,.069,.425,4.1,16.4,10.2,26.8,1.9,1.1,12.4,30.5,8.1,2.6,5.4,0.1,5.4,5.2,3000
158,9,2000,0,Chris Webber,26.0,SAC,0.0,96.0,1210,0.079,75.0,38.4,24.5,10.5,4.6,1.6,1.7,0.483,0.751,10.7,0.179,414,PF,75,10.0,20.6,0.4,1.3,0.284,9.6,19.4,.496,.492,4.1,5.5,2.5,8.0,2.9,3.5,2880,23.4,.530,.061,.267,6.8,21.8,14.3,21.1,2.0,2.9,11.2,28.2,5.7,5.0,3.6,2.1,5.7,5.6,3000
159,10,2000,0,Vince Carter,23.0,TOR,0.0,51.0,1210,0.042,82.0,38.1,25.7,5.8,3.9,1.3,1.1,0.465,0.791,11.8,0.182,70,SF,82,9.6,20.7,1.2,2.9,0.403,8.5,17.8,.475,.493,5.3,6.7,1.8,4.0,2.2,3.2,3126,23.4,.543,.139,.325,5.2,12.1,8.5,20.5,1.8,2.1,8.4,30.0,9.1,2.7,5.6,-0.1,5.5,5.9,6000
160,1,2001,1,Allen Iverson,25.0,PHI,93.0,1121.0,1240,0.904,71.0,42.0,31.1,3.8,4.6,2.5,0.3,0.42,0.814,11.8,0.19,186,SG,71,10.7,25.5,1.4,4.3,.320,9.4,21.2,.441,.447,8.2,10.1,0.7,3.1,3.3,2.1,2979,24.0,.518,.169,.397,1.9,8.3,5.2,23.0,3.2,0.5,10.0,35.9,7.3,4.5,5.0,1.1,6.1,6.1,1800
161,2,2001,0,Tim Duncan,24.0,SAS,18.0,706.0,1240,0.569,82.0,38.7,22.2,12.2,3.0,0.9,2.3,0.499,0.618,13.2,0.2,111,PF,82,8.6,17.1,0.1,0.3,.259,8.5,16.8,.504,.502,5.0,8.1,3.2,9.0,3.0,3.0,3174,23.8,.536,.019,.471,9.7,25.1,17.8,15.3,1.2,4.2,12.5,28.7,6.2,7.1,2.9,1.8,4.7,5.4,600
162,3,2001,0,Shaquille O'Neal,28.0,LAL,7.0,578.0,1240,0.466,74.0,39.5,28.7,12.7,3.7,0.6,2.8,0.572,0.513,14.9,0.245,295,C,74,11.0,19.2,0.0,0.0,.000,11.0,19.2,.573,.572,6.7,13.1,3.9,8.8,2.9,3.5,2924,30.2,.574,.001,.684,11.3,24.8,18.1,18.8,0.8,4.9,10.5,31.6,11.1,3.9,7.0,0.7,7.7,7.1,180
163,4,2001,0,Chris Webber,27.0,SAC,5.0,521.0,1240,0.42,70.0,40.5,27.1,11.1,4.2,1.3,1.7,0.481,0.703,11.0,0.186,420,PF,70,11.2,23.4,0.0,0.4,.071,11.2,23.0,.488,.481,4.6,6.6,2.6,8.5,2.8,3.2,2836,24.7,.516,.017,.282,7.0,22.1,14.8,20.6,1.7,2.8,9.6,31.6,5.8,5.2,4.0,1.4,5.5,5.3,3500
164,5,2001,0,Kevin Garnett,24.0,MIN,1.0,151.0,1240,0.122,81.0,39.5,22.0,11.4,5.0,1.4,1.8,0.477,0.764,11.8,0.176,138,PF,81,8.7,18.2,0.2,0.8,.288,8.5,17.4,.486,.484,4.4,5.8,2.7,8.7,2.8,2.5,3202,23.9,.531,.045,.317,7.7,25.3,16.4,21.8,1.8,3.2,12.0,27.0,7.0,4.8,4.5,1.4,6.0,6.4,1500
165,6,2001,0,Tracy McGrady,21.0,ORL,0.0,64.0,1240,0.052,77.0,40.1,26.8,7.5,4.6,1.5,1.5,0.457,0.733,12.2,0.189,254,SG,77,10.2,22.4,0.8,2.2,.355,9.5,20.2,.468,.474,5.6,7.6,2.5,5.0,2.6,2.1,3087,24.9,.521,.096,.340,6.7,14.3,10.4,22.8,1.9,2.8,9.1,31.2,8.3,3.9,6.5,0.5,7.0,7.0,800
166,7,2001,0,Karl Malone,37.0,UTA,0.0,21.0,1240,0.017,81.0,35.7,23.2,8.3,4.5,1.1,0.8,0.498,0.793,13.1,0.217,236,PF,81,8.3,16.6,0.0,0.1,.400,8.2,16.5,.499,.499,6.6,8.3,1.4,6.9,3.0,2.7,2895,24.7,.572,.004,.503,5.0,23.3,14.3,24.1,1.7,1.7,12.9,30.0,9.1,4.0,5.5,1.1,6.6,6.3,1500
167,8,2001,0,Jason Kidd,27.0,PHO,0.0,18.0,1240,0.015,77.0,39.8,16.9,6.4,9.8,2.2,0.3,0.411,0.814,9.6,0.15,211,PG,76,5.9,14.2,0.9,3.0,.297,5.0,11.2,.442,.443,4.3,5.2,1.2,5.2,3.7,2.2,3065,19.4,.510,.211,.367,3.3,15.2,9.1,41.2,2.8,0.5,18.3,22.7,4.2,5.4,2.4,1.7,4.2,4.8,1500
168,9,2001,0,Kobe Bryant,22.0,LAL,0.0,11.0,1240,0.009,68.0,40.9,28.5,5.9,5.0,1.7,0.6,0.464,0.853,11.3,0.196,52,SG,68,10.3,22.2,0.9,2.9,.305,9.4,19.3,.489,.484,7.0,8.2,1.5,4.3,3.2,3.3,2783,24.5,.552,.132,.369,4.3,11.8,8.1,23.0,2.1,1.1,11.1,31.8,9.2,2.2,5.1,-0.3,4.8,4.7,180
169,10,2001,0,David Robinson,35.0,SAS,0.0,8.0,1240,0.006,80.0,29.6,14.4,8.6,1.5,1.0,2.5,0.486,0.747,12.1,0.246,346,C,80,5.0,10.3,0.0,0.0,.000,5.0,10.3,.487,.486,4.4,5.9,2.6,6.0,1.5,2.7,2371,23.7,.559,.001,.571,10.4,22.0,16.5,8.8,1.8,5.8,10.6,22.8,6.4,5.7,2.5,2.7,5.2,4.3,600
170,1,2002,1,Tim Duncan,25.0,SAS,57.0,954.0,1260,0.757,82.0,40.6,25.5,12.7,3.7,0.7,2.5,0.508,0.799,17.8,0.257,121,PF,82,9.3,18.3,0.0,0.1,.100,9.3,18.2,.511,.508,6.8,8.5,3.3,9.4,3.2,2.6,3329,27.0,.576,.007,.466,9.6,25.9,18.0,18.3,1.0,4.3,12.7,29.0,10.7,7.1,5.4,2.2,7.6,8.0,500
171,2,2002,0,Jason Kidd,28.0,NJN,45.0,897.0,1260,0.712,82.0,37.3,14.7,7.3,9.9,2.1,0.2,0.391,0.814,8.9,0.14,218,PG,82,5.4,13.9,1.4,4.4,.321,4.0,9.4,.424,.442,2.5,3.0,1.6,5.7,3.5,1.7,3056,19.1,.484,.320,.217,4.7,17.2,10.9,42.5,3.0,0.5,18.7,22.5,3.1,5.8,3.0,1.5,4.5,5.0,6000
172,3,2002,0,Shaquille O'Neal,29.0,LAL,15.0,696.0,1260,0.552,67.0,36.1,27.2,10.7,3.0,0.6,2.0,0.579,0.555,13.2,0.262,299,C,66,10.6,18.3,0.0,0.0,.000,10.6,18.3,.580,.579,5.9,10.7,3.5,7.2,2.6,3.0,2422,29.7,.590,.001,.583,10.8,21.6,16.3,16.4,0.9,4.1,10.0,31.8,9.2,4.0,7.1,0.9,8.0,6.1,200
173,4,2002,0,Tracy McGrady,22.0,ORL,7.0,390.0,1260,0.31,76.0,38.3,25.6,7.9,5.3,1.6,1.0,0.451,0.748,11.5,0.189,262,SG,76,9.4,20.9,1.4,3.7,.364,8.1,17.1,.470,.483,5.5,7.3,2.0,5.9,2.5,1.8,2912,25.1,.532,.178,.350,5.7,17.3,11.5,25.8,2.1,1.8,9.4,31.1,8.1,3.4,6.4,0.4,6.8,6.4,1000
174,5,2002,0,Kobe Bryant,23.0,LAL,1.0,98.0,1260,0.078,80.0,38.3,25.2,5.5,5.5,1.5,0.4,0.469,0.829,12.7,0.199,64,SG,80,9.4,20.0,0.4,1.7,.250,9.0,18.3,.489,.479,6.1,7.4,1.4,4.1,2.8,2.9,3063,23.2,.544,.083,.369,4.1,11.7,7.9,25.9,2.0,0.8,10.7,30.4,8.9,3.8,4.3,0.3,4.6,5.2,200
175,6,2002,0,Gary Payton,33.0,SEA,1.0,54.0,1260,0.043,82.0,40.3,22.1,4.8,9.0,1.6,0.3,0.467,0.797,12.6,0.183,316,PG,82,9.0,19.2,0.9,2.9,.314,8.1,16.4,.494,.490,3.3,4.1,1.0,3.9,2.5,2.2,3301,22.9,.526,.150,.212,2.9,11.1,7.1,39.4,2.1,0.6,10.8,27.2,10.1,2.5,5.2,-0.2,5.1,5.9,5000
176,7,2002,0,Chris Webber,28.0,SAC,0.0,37.0,1260,0.029,54.0,38.4,24.5,10.1,4.8,1.7,1.4,0.495,0.749,8.6,0.2,420,PF,54,9.9,19.9,0.1,0.4,.263,9.8,19.6,.499,.497,4.7,6.3,2.8,7.3,2.9,3.4,2071,24.4,.540,.018,.314,7.9,20.1,14.1,21.9,2.2,2.4,11.4,29.0,4.8,3.9,3.8,1.6,5.4,3.9,1000
177,8,2002,0,Dirk Nowitzki,23.0,DAL,0.0,31.0,1260,0.025,76.0,38.0,23.4,9.9,2.4,1.1,1.0,0.477,0.853,13.4,0.222,297,C,76,7.9,16.6,1.8,4.6,.397,6.1,11.9,.508,.532,5.8,6.8,1.6,8.4,1.9,2.9,2891,24.1,.599,.278,.410,4.7,24.0,14.5,10.8,1.5,1.9,8.9,25.5,10.2,3.1,5.4,0.1,5.5,5.5,1500
178,9,2002,0,Allen Iverson,26.0,PHI,0.0,29.0,1260,0.023,60.0,43.7,31.4,4.5,5.5,2.8,0.2,0.398,0.812,6.9,0.126,191,SG,59,11.1,27.8,1.3,4.5,.291,9.8,23.4,.419,.422,7.9,9.8,0.7,3.8,4.0,1.7,2622,21.9,.489,.161,.351,1.9,9.6,5.8,27.6,3.5,0.4,11.0,37.8,2.6,4.3,3.9,0.8,4.8,4.5,1000
179,10,2002,0,Ben Wallace,27.0,DET,0.0,24.0,1260,0.019,80.0,36.5,7.6,13.0,1.4,1.7,3.5,0.531,0.423,11.6,0.19,413,C,80,3.2,6.0,0.0,0.0,.000,3.2,6.0,.535,.531,1.2,2.9,4.0,9.0,0.9,2.2,2921,18.6,.522,.006,.488,12.9,28.9,21.0,6.2,2.5,6.7,10.7,10.5,4.3,7.2,1.2,3.3,4.5,4.8,5000
180,1,2003,1,Tim Duncan,26.0,SAS,60.0,962.0,1190,0.808,81.0,39.3,23.3,12.9,3.9,0.7,2.9,0.513,0.71,16.5,0.248,109,PF,81,8.8,17.2,0.1,0.3,.273,8.7,16.9,.517,.515,5.6,7.8,3.2,9.7,3.1,2.9,3181,26.9,.564,.016,.455,9.9,27.3,19.0,19.5,0.9,5.2,12.9,28.0,9.5,6.9,5.0,2.5,7.6,7.7,1100
181,2,2003,0,Kevin Garnett,26.0,MIN,43.0,871.0,1190,0.732,82.0,40.5,23.0,13.4,6.0,1.4,1.6,0.502,0.751,15.6,0.225,131,PF,82,9.1,18.1,0.2,0.9,.282,8.8,17.2,.513,.508,4.6,6.1,3.0,10.5,2.8,2.4,3321,26.4,.553,.048,.339,8.6,28.5,18.8,25.8,1.8,2.8,11.9,26.4,9.8,5.8,6.0,2.4,8.4,8.7,2000
182,3,2003,0,Kobe Bryant,24.0,LAL,8.0,496.0,1190,0.417,82.0,41.5,30.0,6.9,5.9,2.2,0.8,0.451,0.843,14.9,0.21,57,SG,82,10.6,23.5,1.5,4.0,.383,9.1,19.5,.465,.483,7.3,8.7,1.3,5.6,3.5,2.7,3401,26.2,.550,.168,.371,3.5,15.3,9.3,27.2,2.8,1.4,11.4,32.9,11.0,4.0,6.3,0.7,7.1,7.7,180
183,4,2003,0,Tracy McGrady,23.0,ORL,4.0,427.0,1190,0.359,75.0,39.4,32.1,6.5,5.5,1.7,0.8,0.457,0.793,16.1,0.262,248,SG,74,11.1,24.2,2.3,6.0,.386,8.7,18.2,.481,.505,7.7,9.7,1.6,4.9,2.6,2.1,2954,30.3,.564,.247,.400,4.6,14.6,9.5,30.0,2.2,1.5,8.4,35.2,13.2,2.9,9.8,0.7,10.5,9.3,1300
184,5,2003,0,Shaquille O'Neal,30.0,LAL,3.0,126.0,1190,0.106,67.0,37.8,27.5,11.1,3.1,0.6,2.4,0.574,0.622,13.2,0.25,280,C,66,10.4,18.1,0.0,0.0,,10.4,18.1,.574,.574,6.7,10.8,3.9,7.2,2.9,3.4,2535,29.5,.602,.000,.599,11.4,21.6,16.5,16.2,0.8,4.5,11.4,30.2,10.2,3.0,6.4,0.1,6.5,5.5,180
185,6,2003,0,Allen Iverson,27.0,PHI,0.0,83.0,1190,0.07,82.0,42.5,27.6,4.2,5.5,2.7,0.2,0.414,0.774,9.2,0.127,181,SG,82,9.8,23.7,1.0,3.7,.277,8.8,20.0,.440,.436,7.0,9.0,0.8,3.4,3.5,1.8,3485,21.2,.500,.156,.379,2.3,9.5,5.8,25.1,3.4,0.3,11.2,32.9,5.0,4.2,3.3,0.2,3.5,4.8,2000
186,7,2003,0,Dirk Nowitzki,24.0,DAL,0.0,43.0,1190,0.036,80.0,39.0,25.1,9.9,3.0,1.4,1.0,0.463,0.881,16.1,0.249,278,PF,80,8.6,18.6,1.9,4.9,.379,6.8,13.7,.493,.513,6.0,6.9,1.0,8.9,1.9,2.6,3117,25.6,.581,.262,.368,2.9,25.1,14.0,13.3,1.8,2.0,8.1,27.4,10.8,5.3,5.8,1.4,7.2,7.3,800
187,8,2003,0,Ben Wallace,28.0,DET,1.0,33.0,1190,0.028,73.0,39.4,6.9,15.4,1.6,1.4,3.2,0.481,0.45,10.6,0.176,393,C,73,2.9,6.0,0.0,0.1,.167,2.9,5.9,.485,.482,1.2,2.6,4.0,11.4,1.2,2.5,2873,17.2,.486,.014,.432,11.9,34.9,23.2,6.9,2.0,5.9,14.5,10.2,2.7,7.9,0.4,3.5,3.9,4.3,2000
188,9,2003,0,Jason Kidd,29.0,NJN,0.0,31.0,1190,0.026,80.0,37.4,18.7,6.3,8.9,2.2,0.3,0.414,0.841,11.3,0.182,209,PG,80,6.4,15.6,1.6,4.6,.341,4.9,10.9,.445,.465,4.2,5.0,1.4,4.9,3.7,1.6,2989,22.2,.526,.297,.324,4.2,15.1,9.6,42.2,3.1,0.6,17.2,25.9,5.5,5.8,4.8,1.8,6.6,6.5,1100
189,10,2003,0,Chris Webber,29.0,SAC,0.0,19.0,1190,0.016,67.0,39.1,23.0,10.5,5.4,1.6,1.3,0.461,0.607,6.9,0.127,399,PF,67,9.9,21.4,0.1,0.3,.238,9.8,21.1,.465,.463,3.2,5.3,2.4,8.1,3.2,3.0,2622,20.9,.485,.015,.247,6.9,21.1,14.4,24.6,2.0,2.2,11.9,30.4,1.7,5.3,2.0,1.5,3.5,3.6,300
190,1,2004,1,Kevin Garnett,27.0,MIN,120.0,1219.0,1230,0.991,82.0,39.4,24.2,13.9,5.0,1.5,2.2,0.499,0.791,18.3,0.272,143,PF,82,9.8,19.6,0.1,0.5,.256,9.7,19.1,.506,.502,4.5,5.7,3.0,10.9,2.6,2.5,3231,29.4,.547,.027,.289,9.1,30.0,20.1,24.4,2.0,4.0,10.5,29.6,10.4,8.0,6.8,3.3,10.2,10.0,1200
191,2,2004,0,Tim Duncan,27.0,SAS,0.0,716.0,1230,0.582,69.0,36.6,22.3,12.4,3.1,0.9,2.7,0.501,0.599,13.1,0.249,118,PF,68,8.6,17.1,0.0,0.2,.167,8.6,16.9,.505,.502,5.1,8.5,3.3,9.2,2.7,2.4,2527,27.1,.534,.010,.498,10.2,27.6,19.0,17.4,1.3,5.3,11.3,29.7,5.9,7.2,5.2,3.3,8.5,6.7,400
192,3,2004,0,Jermaine O'Neal,25.0,IND,2.0,523.0,1230,0.425,78.0,35.7,20.1,10.0,2.1,0.8,2.6,0.434,0.757,9.0,0.155,296,PF,78,7.8,17.9,0.0,0.2,.111,7.8,17.7,.438,.435,4.5,5.9,2.5,7.5,2.3,3.2,2788,21.1,.489,.013,.329,8.1,25.0,16.5,12.3,1.2,5.5,10.1,30.2,2.7,6.3,1.1,1.3,2.4,3.1,1500
193,4,2004,0,Peja Stojakovi,26.0,SAC,1.0,281.0,1230,0.228,81.0,40.3,24.2,6.3,2.1,1.3,0.2,0.48,0.927,13.5,0.198,375,SF,81,8.2,17.1,3.0,6.8,.433,5.2,10.3,.511,.566,4.9,5.2,1.1,5.1,1.9,2.0,3264,21.8,.624,.400,.307,3.2,14.1,8.8,9.1,1.7,0.3,8.9,23.9,11.4,2.1,5.2,-1.3,3.9,4.9,500
194,5,2004,0,Kobe Bryant,25.0,LAL,0.0,212.0,1230,0.172,65.0,37.6,24.0,5.5,5.1,1.7,0.4,0.438,0.852,10.7,0.21,61,SG,64,7.9,18.1,1.1,3.3,.327,6.8,14.8,.463,.468,7.0,8.2,1.6,3.9,2.6,2.7,2447,23.7,.551,.184,.452,4.7,12.0,8.3,24.4,2.4,0.8,10.8,29.1,7.8,3.0,5.1,0.5,5.6,4.7,140
195,6,2004,0,Shaquille O'Neal,31.0,LAL,0.0,178.0,1230,0.145,67.0,36.8,21.5,11.5,2.9,0.5,2.5,0.584,0.49,9.9,0.192,297,C,67,8.3,14.1,0.0,0.0,,8.3,14.1,.584,.584,4.9,10.1,3.7,7.8,2.9,3.4,2464,24.4,.578,.000,.713,11.1,24.4,17.7,14.8,0.7,5.0,13.5,26.3,5.9,4.0,3.8,1.0,4.8,4.1,140
196,7,2004,0,Ben Wallace,29.0,DET,0.0,24.0,1230,0.02,81.0,37.7,9.5,12.4,1.7,1.8,3.0,0.421,0.49,10.2,0.16,409,C,81,3.9,9.2,0.0,0.1,.125,3.9,9.1,.424,.422,1.8,3.6,4.0,8.4,1.5,2.0,3050,17.3,.441,.011,.388,12.5,25.5,19.1,7.7,2.6,6.1,12.3,15.3,1.1,9.1,0.2,3.3,3.5,4.3,1500
197,8,2004,0,Jason Kidd,30.0,NJN,0.0,17.0,1230,0.014,67.0,36.6,15.5,6.4,9.2,1.8,0.2,0.384,0.827,7.2,0.141,226,PG,66,5.5,14.3,1.4,4.4,.321,4.1,9.9,.411,.433,3.1,3.7,1.3,5.1,3.2,1.6,2450,19.7,.485,.306,.260,4.1,16.5,10.3,44.8,2.7,0.4,16.7,24.6,2.8,4.4,3.4,1.3,4.7,4.2,800
198,9,2004,0,LeBron James,19.0,CLE,0.0,11.0,1230,0.009,79.0,39.5,20.9,5.5,5.9,1.6,0.7,0.417,0.754,5.1,0.078,203,SG,79,7.9,18.9,0.8,2.7,.290,7.1,16.1,.438,.438,4.4,5.8,1.3,4.2,3.5,1.9,3122,18.3,.488,.145,.308,3.5,11.8,7.6,27.8,2.2,1.3,13.9,28.2,2.4,2.6,2.3,-0.6,1.7,2.9,7500
199,10T,2004,0,Sam Cassell,34.0,MIN,0.0,4.0,1230,0.003,81.0,35.0,19.8,3.3,7.3,1.3,0.2,0.488,0.873,12.1,0.205,75,PG,81,7.7,15.7,0.9,2.3,.398,6.7,13.4,.504,.517,3.6,4.1,0.5,2.8,2.7,3.0,2838,22.8,.566,.146,.261,1.9,8.7,5.5,38.0,1.9,0.5,13.5,27.2,8.8,3.3,4.1,0.3,4.4,4.6,1200
200,1,2005,1,Steve Nash,30.0,PHO,65.0,1066.0,1270,0.839,75.0,34.3,15.5,3.3,11.5,1.0,0.1,0.502,0.887,10.9,0.203,302,PG,75,5.7,11.4,1.3,2.9,.431,4.5,8.5,.526,.557,2.8,3.2,0.8,2.6,3.3,1.8,2573,22.0,.606,.254,.278,2.5,7.6,5.2,49.2,1.4,0.2,20.3,20.5,9.7,1.2,5.5,-0.8,4.7,4.4,10000
201,2,2005,0,Shaquille O'Neal,32.0,MIA,58.0,1032.0,1270,0.813,73.0,34.1,22.9,10.4,2.7,0.5,2.3,0.601,0.461,11.0,0.211,310,C,73,9.0,15.0,0.0,0.0,,9.0,15.0,.601,.601,4.8,10.5,3.5,6.9,2.8,3.6,2492,27.0,.583,.000,.699,12.4,22.8,17.8,15.7,0.8,5.0,12.4,30.5,6.4,4.6,4.1,1.2,5.3,4.6,2200
202,3,2005,0,Dirk Nowitzki,26.0,DAL,0.0,349.0,1270,0.275,78.0,38.7,26.1,9.7,3.1,1.2,1.5,0.459,0.869,15.6,0.248,308,PF,78,8.5,18.5,1.2,2.9,.399,7.3,15.6,.470,.490,7.9,9.1,1.2,8.5,2.3,2.8,3020,26.1,.578,.158,.490,3.6,24.0,14.0,14.3,1.7,2.9,9.1,28.7,10.3,5.2,5.8,1.5,7.3,7.1,1600
203,4,2005,0,Tim Duncan,28.0,SAS,1.0,328.0,1270,0.258,66.0,33.4,20.3,11.1,2.7,0.7,2.6,0.496,0.67,11.2,0.245,120,PF,66,7.8,15.8,0.0,0.1,.333,7.8,15.7,.498,.498,4.6,6.9,3.1,8.0,1.9,2.2,2203,27.0,.540,.009,.437,10.7,28.2,19.4,16.1,1.1,5.7,9.3,28.9,5.5,5.7,4.8,2.8,7.6,5.4,400
204,5,2005,0,Allen Iverson,29.0,PHI,2.0,240.0,1270,0.189,75.0,42.3,30.7,4.0,7.9,2.4,0.1,0.424,0.835,9.0,0.136,205,PG,75,10.3,24.2,1.4,4.5,.308,8.9,19.7,.451,.453,8.7,10.5,0.7,3.3,4.6,1.9,3174,23.2,.532,.186,.432,1.8,8.9,5.3,37.6,2.9,0.2,13.7,35.0,5.3,3.7,4.2,0.0,4.2,5.0,3500
205,6,2005,0,LeBron James,20.0,CLE,0.0,93.0,1270,0.073,80.0,42.4,27.2,7.4,7.2,2.2,0.7,0.472,0.75,14.3,0.203,215,SF,80,9.9,21.1,1.4,3.9,.351,8.6,17.2,.499,.504,6.0,8.0,1.4,6.0,3.3,1.8,3388,25.7,.554,.183,.378,3.8,17.0,10.2,32.9,2.8,1.1,11.8,29.7,9.7,4.6,7.0,1.7,8.6,9.1,4000
206,7,2005,0,Tracy McGrady,25.0,HOU,0.0,44.0,1270,0.035,78.0,40.8,25.7,6.2,5.7,1.7,0.7,0.431,0.774,12.0,0.18,274,SF,78,9.2,21.3,1.8,5.6,.326,7.3,15.7,.468,.473,5.5,7.1,0.9,5.3,2.6,2.1,3182,22.9,.526,.262,.336,2.7,14.8,8.9,28.6,2.3,1.3,9.5,31.2,6.5,5.4,5.2,1.5,6.7,6.9,1800
207,8,2005,0,Dwyane Wade,23.0,MIA,0.0,43.0,1270,0.034,77.0,38.6,24.1,5.2,6.8,1.6,1.1,0.478,0.762,11.0,0.177,428,SG,77,8.2,17.1,0.2,0.6,.289,8.0,16.5,.485,.483,7.5,9.9,1.4,3.7,4.2,3.0,2974,23.1,.561,.034,.578,4.5,10.8,7.8,31.0,2.2,2.0,16.3,30.9,6.7,4.3,3.9,0.7,4.6,4.9,2200
208,9T,2005,0,Amar'e Stoudemire,22.0,PHO,1.0,41.0,1270,0.032,80.0,36.1,26.0,8.9,1.6,1.0,1.6,0.559,0.733,14.6,0.243,395,C,80,9.3,16.7,0.0,0.2,.188,9.3,16.5,.564,.560,7.3,9.9,2.7,6.2,2.4,3.5,2889,26.6,.617,.012,.595,8.5,17.4,13.2,7.7,1.3,3.0,10.1,28.3,11.3,3.3,4.1,0.3,4.4,4.7,10000
209,9T,2005,0,Ray Allen,29.0,SEA,0.0,41.0,1270,0.032,78.0,39.3,23.9,4.4,3.7,1.1,0.1,0.428,0.883,10.7,0.168,4,SG,78,8.2,19.2,2.7,7.1,.376,5.5,12.0,.459,.498,4.8,5.5,1.0,3.4,2.2,2.1,3064,20.9,.555,.372,.286,3.2,10.7,6.9,18.1,1.5,0.1,9.2,28.0,9.7,1.0,5.3,-1.2,4.1,4.8,7000
210,1,2006,1,Steve Nash,31.0,PHO,57.0,924.0,1250,0.739,79.0,35.4,18.8,4.2,10.5,0.8,0.2,0.512,0.921,12.4,0.212,295,PG,79,6.8,13.4,1.9,4.3,0.439,4.9,9.0,.548,.583,3.3,3.5,0.6,3.6,3.5,1.5,2796,23.3,.632,.324,.264,1.9,11.1,6.6,44.4,1.1,0.3,19.0,23.3,10.3,2.1,5.7,-0.7,5.0,4.9,800
211,2,2006,0,LeBron James,21.0,CLE,16.0,688.0,1250,0.55,79.0,42.5,31.4,7.0,6.6,1.6,0.8,0.48,0.738,16.3,0.232,207,SF,79,11.1,23.1,1.6,4.8,0.335,9.5,18.3,.518,.515,7.6,10.3,0.9,6.1,3.3,2.3,3361,28.1,.568,.208,.447,2.6,17.1,9.8,32.8,2.0,1.5,10.7,33.6,12.0,4.3,7.5,1.6,9.1,9.4,1800
212,3,2006,0,Dirk Nowitzki,27.0,DAL,14.0,544.0,1250,0.435,81.0,38.1,26.6,9.0,2.8,0.7,1.0,0.48,0.901,17.7,0.275,301,PF,81,9.3,19.3,1.4,3.3,0.406,7.9,16.0,.496,.515,6.7,7.4,1.4,7.6,1.9,2.0,3089,28.1,.589,.173,.382,4.6,23.4,14.2,14.7,1.0,2.1,7.9,30.0,13.5,4.3,7.8,0.4,8.1,7.9,1300
213,4,2006,0,Kobe Bryant,27.0,LAL,22.0,483.0,1250,0.386,80.0,41.0,35.4,5.3,4.5,1.8,0.4,0.45,0.85,15.3,0.224,59,SG,80,12.2,27.2,2.3,6.5,0.347,10.0,20.7,.482,.491,8.7,10.2,0.9,4.4,3.1,2.9,3277,28.0,.559,.238,.377,2.6,12.7,7.6,24.1,2.4,0.7,9.0,38.7,11.6,3.7,7.4,0.2,7.6,8.0,2500
214,5,2006,0,Chauncey Billups,29.0,DET,15.0,430.0,1250,0.344,81.0,36.1,18.5,3.1,8.6,0.9,0.1,0.418,0.894,15.5,0.254,39,PG,81,5.2,12.5,2.3,5.2,0.433,3.0,7.2,.407,.509,5.7,6.4,0.5,2.6,2.1,2.0,2925,23.4,.602,.420,.514,1.6,8.7,5.1,39.3,1.3,0.2,12.0,22.9,12.7,2.8,6.2,0.1,6.2,6.1,1000
215,6,2006,0,Dwyane Wade,24.0,MIA,0.0,87.0,1250,0.07,75.0,38.6,27.2,5.7,6.7,1.9,0.8,0.495,0.783,14.4,0.239,420,SG,75,9.3,18.8,0.2,1.0,0.171,9.1,17.8,.513,.499,8.4,10.7,1.4,4.3,3.6,2.9,2892,27.6,.577,.054,.568,4.5,12.6,8.7,33.0,2.6,1.5,13.2,32.5,10.2,4.2,5.9,1.8,7.7,7.1,350
216,7,2006,0,Elton Brand,26.0,LAC,1.0,50.0,1250,0.04,79.0,39.2,24.7,10.0,2.6,1.0,2.5,0.527,0.775,14.8,0.229,53,PF,79,9.6,18.2,0.0,0.0,0.333,9.6,18.1,.527,.527,5.6,7.2,3.0,7.0,2.2,2.9,3099,26.5,.580,.002,.396,9.3,19.9,14.8,13.1,1.4,4.9,9.3,27.7,9.3,5.5,5.1,1.6,6.7,6.8,7000
217,8,2006,0,Tim Duncan,29.0,SAS,0.0,33.0,1250,0.026,80.0,34.8,18.6,11.0,3.2,0.9,2.0,0.484,0.629,10.8,0.187,112,PF,80,7.2,14.8,0.0,0.1,0.4,7.2,14.8,.485,.485,4.2,6.7,2.9,8.1,2.5,2.7,2784,23.1,.523,.004,.450,10.1,26.9,18.7,16.5,1.4,4.2,12.2,27.7,3.9,6.9,2.3,2.6,5.0,4.9,250
218,9,2006,0,Tony Parker,23.0,SAS,0.0,9.0,1250,0.007,80.0,33.9,18.9,3.3,5.8,1.0,0.1,0.548,0.707,9.6,0.169,319,PG,80,7.8,14.2,0.1,0.5,0.306,7.7,13.8,.556,.553,3.2,4.5,0.5,2.8,3.1,2.0,2715,20.8,.584,.032,.315,1.7,9.5,5.7,32.2,1.7,0.1,16.1,27.1,5.5,4.1,2.4,0.4,2.8,3.3,250
219,10T,2006,0,Allen Iverson,30.0,PHI,0.0,1.0,1250,0.001,72.0,43.1,33.0,3.2,7.4,1.9,0.1,0.447,0.814,10.6,0.165,197,PG,72,11.3,25.3,1.0,3.1,0.323,10.3,22.2,.465,.467,9.4,11.5,0.6,2.6,3.4,1.7,3103,25.9,.543,.122,.455,1.7,7.1,4.4,34.9,2.3,0.2,10.2,35.8,8.8,1.8,5.8,-1.0,4.8,5.3,2500
220,1,2007,1,Dirk Nowitzki,28.0,DAL,83.0,1138.0,1290,0.882,78.0,36.2,24.6,8.9,3.4,0.7,0.8,0.502,0.904,16.3,0.278,302,PF,78,8.6,17.2,0.9,2.2,.416,7.7,15.0,.515,.529,6.4,7.1,1.6,7.3,2.1,2.2,2820,27.6,.605,.129,.411,5.3,23.9,14.8,17.8,1.0,1.7,9.5,28.9,11.8,4.5,7.2,1.2,8.3,7.4,400
221,2,2007,0,Steve Nash,32.0,PHO,44.0,1013.0,1290,0.785,76.0,35.3,18.6,3.5,11.6,0.8,0.1,0.532,0.899,12.6,0.225,295,PG,76,6.8,12.8,2.1,4.5,.455,4.8,8.3,.575,.613,2.9,3.3,0.4,3.1,3.8,1.5,2682,23.8,.654,.353,.254,1.4,9.9,5.8,50.1,1.1,0.2,21.0,22.9,10.8,1.7,6.7,-0.8,5.9,5.3,600
222,3,2007,0,Kobe Bryant,28.0,LAL,2.0,521.0,1290,0.404,77.0,40.8,31.6,5.7,5.4,1.4,0.5,0.463,0.868,13.0,0.199,64,SG,77,10.6,22.8,1.8,5.2,.344,8.8,17.6,.497,.502,8.7,10.0,1.0,4.7,3.3,2.7,3140,26.1,.580,.227,.437,2.8,13.5,8.2,25.5,1.8,0.9,10.9,33.6,10.8,2.2,6.4,-0.5,5.9,6.1,3500
223,4,2007,0,Tim Duncan,30.0,SAS,0.0,286.0,1290,0.222,80.0,34.1,20.0,10.6,3.4,0.8,2.4,0.546,0.637,13.0,0.23,114,C,80,7.7,14.1,0.0,0.1,.111,7.7,14.0,.550,.547,4.5,7.1,2.7,7.9,2.8,2.5,2726,26.1,.579,.008,.502,9.8,27.0,18.8,18.8,1.3,5.1,14.0,27.9,6.3,6.8,3.8,3.2,7.0,6.2,450
224,5,2007,0,LeBron James,22.0,CLE,0.0,183.0,1290,0.142,78.0,40.9,27.3,6.7,6.0,1.6,0.7,0.476,0.698,13.7,0.206,207,SF,78,9.9,20.8,1.3,4.0,.319,8.6,16.8,.513,.507,6.3,9.0,1.1,5.7,3.2,2.2,3190,24.5,.552,.191,.432,3.0,16.6,9.6,29.1,2.1,1.3,11.5,31.0,8.0,5.7,5.9,2.2,8.1,8.1,900
225,6,2007,0,Tracy McGrady,27.0,HOU,0.0,110.0,1290,0.085,71.0,35.8,24.6,5.3,6.5,1.3,0.5,0.431,0.707,8.6,0.163,271,SG,71,9.0,20.8,1.8,5.4,.331,7.2,15.5,.466,.474,4.9,6.9,0.8,4.5,3.0,1.9,2539,23.2,.515,.257,.330,2.6,14.5,8.6,37.5,1.9,1.1,11.2,35.0,4.1,4.5,4.9,1.2,6.1,5.2,2000
226,7,2007,0,Chris Bosh,22.0,TOR,0.0,43.0,1290,0.033,69.0,38.5,22.6,10.7,2.5,0.6,1.3,0.496,0.785,9.6,0.174,51,C,69,7.9,15.9,0.2,0.5,.343,7.7,15.3,.501,.502,6.7,8.6,2.7,8.0,2.6,2.4,2658,22.6,.577,.032,.539,8.1,24.8,16.4,11.7,0.8,2.6,11.7,26.7,6.1,3.5,2.8,-0.1,2.7,3.1,10000
227,8,2007,0,Gilbert Arenas,25.0,WAS,0.0,31.0,1290,0.024,74.0,39.8,28.4,4.6,6.0,1.9,0.2,0.418,0.844,10.8,0.177,14,PG,73,8.7,20.9,2.8,7.9,.351,6.0,13.0,.459,.484,8.2,9.7,0.8,3.7,3.2,3.4,2942,24.0,.565,.377,.464,2.3,11.1,6.6,27.2,2.4,0.3,11.2,31.4,9.3,1.5,5.5,-0.8,4.7,5.0,6500
228,9T,2007,0,Carlos Boozer,25.0,UTA,0.0,7.0,1290,0.005,74.0,34.6,20.9,11.7,3.0,0.9,0.3,0.561,0.685,9.9,0.185,50,PF,74,8.7,15.6,0.0,0.0,,8.7,15.6,.561,.561,3.4,5.0,3.2,8.5,2.6,2.9,2557,24.1,.588,.000,.322,11.2,29.9,20.6,16.6,1.4,0.7,12.8,26.5,6.5,3.4,4.4,0.2,4.6,4.3,8000
229,9T,2007,0,Kevin Garnett,30.0,MIN,0.0,7.0,1290,0.005,76.0,39.4,22.4,12.8,4.1,1.2,1.7,0.476,0.835,10.7,0.171,139,PF,76,8.4,17.6,0.2,0.7,.214,8.2,16.9,.487,.480,5.5,6.6,2.4,10.4,2.7,2.4,2995,24.1,.546,.042,.371,7.5,30.8,19.5,19.5,1.6,3.2,11.6,27.4,5.7,4.9,3.8,1.7,5.4,5.5,10000
230,1,2008,1,Kobe Bryant,29.0,LAL,82.0,1100.0,1260,0.873,82.0,38.9,28.3,6.3,5.4,1.8,0.5,0.459,0.84,13.8,0.208,66,SG,82,9.5,20.6,1.8,5.1,0.361,7.6,15.5,.490,.503,7.6,9.0,1.1,5.2,3.1,2.8,3192,24.2,.576,.246,.439,3.4,14.1,9.0,23.9,2.4,0.9,11.3,31.4,9.5,4.3,5.2,0.6,5.8,6.3,3000
231,2,2008,0,Chris Paul,22.0,NOH,28.0,894.0,1260,0.71,80.0,37.6,21.1,4.0,11.6,2.7,0.1,0.488,0.851,17.8,0.284,320,PG,80,7.9,16.1,1.2,3.1,0.369,6.7,13.0,.516,.524,4.2,4.9,0.8,3.2,2.5,2.3,3006,28.3,.576,.193,.302,2.4,10.3,6.2,52.2,3.9,0.1,12.1,25.7,13.2,4.6,7.2,3.2,10.4,9.3,5000
232,3,2008,0,Kevin Garnett,31.0,BOS,15.0,670.0,1260,0.532,71.0,32.8,18.8,9.2,3.4,1.4,1.3,0.539,0.801,12.9,0.265,144,PF,71,7.5,13.9,0.0,0.2,0.0,7.5,13.8,.545,.539,3.8,4.7,1.9,7.3,1.9,2.3,2328,25.3,.588,.011,.339,7.3,25.1,16.8,19.9,2.3,3.1,10.8,25.5,6.6,6.2,4.7,3.5,8.2,6.0,1000
233,4,2008,0,LeBron James,23.0,CLE,1.0,438.0,1260,0.348,75.0,40.4,30.0,7.9,7.2,1.8,1.1,0.484,0.712,15.2,0.242,211,SF,74,10.6,21.9,1.5,4.8,0.315,9.1,17.1,.531,.518,7.3,10.3,1.8,6.1,3.4,2.2,3027,29.1,.568,.219,.470,4.9,17.8,11.1,37.3,2.4,2.1,11.4,33.5,10.7,4.6,8.2,2.6,10.9,9.8,600
234,5,2008,0,Dwight Howard,22.0,ORL,0.0,60.0,1260,0.048,82.0,37.7,20.7,14.2,1.3,0.9,2.1,0.599,0.59,12.9,0.2,192,C,82,7.1,11.9,0.0,0.0,0.0,7.1,11.8,.601,.599,6.5,10.9,3.4,10.8,3.2,3.3,3088,22.9,.619,.004,.921,10.9,31.6,21.7,6.1,1.2,4.2,16.1,24.2,6.4,6.4,1.6,1.2,2.8,3.7,4000
235,6,2008,0,Amar'e Stoudemire,25.0,PHO,0.0,27.0,1260,0.021,79.0,33.9,25.2,9.1,1.5,0.8,2.1,0.59,0.805,14.6,0.262,384,C,79,9.0,15.3,0.1,0.4,0.161,9.0,14.9,.601,.592,7.0,8.7,2.3,6.8,2.2,3.7,2677,27.6,.656,.026,.571,8.2,21.1,15.2,7.5,1.2,4.0,10.3,28.2,10.9,3.8,4.2,0.6,4.8,4.6,500
236,7,2008,0,Tim Duncan,31.0,SAS,0.0,25.0,1260,0.02,78.0,34.0,19.3,11.3,2.8,0.7,1.9,0.497,0.73,11.1,0.201,118,C,78,7.5,15.1,0.0,0.1,0.0,7.5,15.1,.498,.497,4.3,5.9,3.0,8.3,2.3,2.4,2651,24.4,.546,.003,.393,10.7,28.3,19.6,15.7,1.1,4.3,11.4,28.2,4.9,6.2,3.0,2.2,5.2,4.8,450
237,8,2008,0,Tracy McGrady,28.0,HOU,0.0,19.0,1260,0.015,66.0,37.0,21.6,5.1,5.9,1.0,0.5,0.419,0.684,5.8,0.115,270,SG,62,8.3,19.8,1.3,4.5,0.292,7.0,15.3,.457,.452,3.7,5.4,0.6,4.5,2.4,1.4,2440,18.4,.487,.226,.274,2.0,13.5,7.8,29.6,1.5,0.9,9.8,30.4,2.0,3.8,2.4,0.5,2.9,3.1,1000
238,9,2008,0,Steve Nash,33.0,PHO,0.0,18.0,1260,0.014,81.0,34.3,16.9,3.5,11.1,0.7,0.1,0.504,0.906,10.5,0.181,293,PG,81,6.0,11.9,2.2,4.7,0.47,3.8,7.2,.527,.597,2.7,3.0,0.3,3.1,3.6,1.4,2780,21.1,.641,.396,.255,1.2,9.6,5.7,47.3,0.9,0.1,21.6,22.0,9.0,1.4,5.8,-1.8,3.9,4.2,500
239,10,2008,0,Manu Ginbili,30.0,SAS,0.0,9.0,1260,0.007,74.0,31.1,19.5,4.8,4.5,1.5,0.4,0.46,0.86,11.1,0.232,152,SG,23,6.1,13.3,2.1,5.3,0.401,4.0,8.0,.499,.540,5.1,6.0,0.9,3.9,2.7,2.3,2299,24.3,.612,.395,.449,3.3,14.7,9.1,26.4,2.6,1.1,14.5,28.7,6.6,4.5,5.6,2.7,8.3,6.0,450
240,1,2009,1,LeBron James,24.0,CLE,109.0,1172.0,1210,0.969,81.0,37.7,28.4,7.6,7.2,1.7,1.1,0.489,0.78,20.3,0.318,208,SF,81,9.7,19.9,1.6,4.7,0.344,8.1,15.2,.535,.530,7.3,9.4,1.3,6.3,3.0,1.7,3054,31.7,.591,.238,.472,4.3,19.0,11.9,38.0,2.4,2.4,11.0,33.8,13.7,6.5,9.5,3.7,13.2,11.8,1000
241,2,2009,0,Kobe Bryant,30.0,LAL,2.0,698.0,1210,0.577,82.0,36.1,26.8,5.2,4.9,1.5,0.5,0.467,0.856,12.7,0.206,68,SG,82,9.8,20.9,1.4,4.1,0.351,8.3,16.8,.496,.502,5.9,6.9,1.1,4.1,2.6,2.3,2960,24.4,.561,.196,.329,3.5,12.8,8.2,23.8,2.1,1.0,9.7,32.2,8.6,4.0,5.6,0.3,5.9,5.9,350
242,3,2009,0,Dwyane Wade,27.0,MIA,7.0,680.0,1210,0.562,79.0,38.6,30.2,5.0,7.5,2.2,1.3,0.491,0.765,14.7,0.232,406,SG,79,10.8,22.0,1.1,3.5,0.317,9.7,18.5,.524,.516,7.5,9.8,1.1,3.9,3.4,2.3,3048,30.4,.574,.160,.443,3.5,12.2,7.8,40.3,3.0,2.8,11.6,36.2,10.3,4.4,8.2,2.4,10.6,9.6,3500
243,4,2009,0,Dwight Howard,23.0,ORL,1.0,328.0,1210,0.271,79.0,35.7,20.6,13.8,1.4,1.0,2.9,0.572,0.594,13.8,0.234,191,C,79,7.1,12.4,0.0,0.0,0.0,7.1,12.4,.573,.572,6.4,10.7,4.3,9.6,3.0,3.4,2821,25.4,.600,.002,.867,13.8,29.5,21.8,7.3,1.4,5.9,15.1,26.1,6.2,7.6,2.1,2.4,4.5,4.7,2000
244,5,2009,0,Chris Paul,23.0,NOH,2.0,192.0,1210,0.159,78.0,38.5,22.8,5.5,11.0,2.8,0.1,0.503,0.868,18.3,0.292,317,PG,78,8.1,16.1,0.8,2.3,0.364,7.3,13.8,.525,.528,5.8,6.7,0.9,4.7,3.0,2.7,3002,30.0,.599,.140,.418,2.8,14.6,8.7,54.5,3.9,0.3,13.5,27.5,13.3,5.0,7.2,3.8,11.0,9.9,1000
245,6,2009,0,Chauncey Billups,32.0,DEN,0.0,33.0,1210,0.027,79.0,35.3,17.7,3.0,6.4,1.2,0.2,0.418,0.913,10.1,0.174,45,PG,79,5.2,12.4,2.1,5.0,0.408,3.1,7.4,.425,.501,5.3,5.8,0.4,2.6,2.2,2.0,2789,18.8,.592,.405,.467,1.4,8.4,5.0,28.9,1.7,0.5,13.0,21.7,7.9,2.2,3.8,-0.5,3.4,3.8,5000
246,7,2009,0,Paul Pierce,31.0,BOS,0.0,21.0,1210,0.017,81.0,37.5,20.5,5.6,3.6,1.0,0.3,0.457,0.83,10.3,0.164,323,SF,81,6.7,14.6,1.5,3.8,0.391,5.2,10.8,.480,.508,5.7,6.8,0.7,5.0,2.8,2.7,3035,17.7,.582,.257,.468,2.4,15.4,9.2,16.3,1.4,0.7,13.8,25.4,5.5,4.8,2.4,0.7,3.1,3.9,350
247,8,2009,0,Tony Parker,26.0,SAS,0.0,9.0,1210,0.007,72.0,34.1,22.0,3.1,6.9,0.9,0.1,0.506,0.782,8.6,0.168,316,PG,71,8.9,17.5,0.3,0.9,0.292,8.6,16.6,.518,.513,3.9,5.0,0.4,2.7,2.6,1.5,2456,23.4,.556,.051,.287,1.3,9.4,5.4,40.1,1.5,0.1,11.6,31.7,5.6,3.0,3.8,-0.2,3.6,3.5,800
248,9,2009,0,Brandon Roy,24.0,POR,0.0,7.0,1210,0.006,78.0,37.2,22.6,4.7,5.1,1.1,0.3,0.48,0.824,13.5,0.223,351,SG,78,8.1,16.9,1.1,2.8,0.377,7.1,14.1,.501,.512,5.3,6.5,1.3,3.4,1.9,1.6,2903,24.0,.573,.167,.383,4.4,11.6,7.9,25.4,1.7,0.6,9.0,27.4,10.9,2.6,6.0,0.1,6.2,6.0,3000
249,10,2009,0,Dirk Nowitzki,30.0,DAL,0.0,3.0,1210,0.002,81.0,37.7,25.9,8.4,2.4,0.8,0.8,0.479,0.89,10.9,0.171,303,PF,81,9.6,20.0,0.8,2.1,0.359,8.8,17.9,.493,.498,6.0,6.7,1.1,7.3,1.9,2.2,3050,23.1,.564,.105,.337,3.3,22.1,12.8,12.1,1.0,1.5,7.8,30.3,7.5,3.4,3.7,-0.3,3.4,4.2,2000
250,1,2010,1,LeBron James,25.0,CLE,116.0,1205.0,1230,0.98,76.0,39.0,29.7,7.3,8.6,1.6,1.0,0.503,0.767,18.5,0.299,222,SF,76,10.1,20.1,1.7,5.1,0.333,8.4,15.0,.560,.545,7.8,10.2,0.9,6.4,3.4,1.6,2966,31.1,.604,.253,.506,3.0,18.5,11.1,41.8,2.2,2.0,12.3,33.5,13.3,5.2,9.1,2.8,11.8,10.3,300
251,2,2010,0,Kevin Durant,21.0,OKC,4.0,609.0,1230,0.495,82.0,39.5,30.1,7.6,2.8,1.4,1.0,0.476,0.9,16.1,0.238,125,SF,82,9.7,20.3,1.6,4.3,0.365,8.1,16.1,.506,.514,9.2,10.2,1.3,6.3,3.3,2.1,3239,26.2,.607,.210,.504,3.8,17.9,11.0,13.5,1.8,1.9,11.7,32.0,11.1,5.0,6.3,0.8,7.1,7.5,12500
252,3,2010,0,Kobe Bryant,31.0,LAL,0.0,599.0,1230,0.487,73.0,38.8,27.0,5.4,5.0,1.5,0.3,0.456,0.811,9.4,0.16,68,SG,73,9.8,21.5,1.4,4.1,0.329,8.5,17.4,.487,.488,6.0,7.4,1.1,4.3,3.2,2.6,2835,21.9,.545,.192,.345,3.1,12.2,7.7,23.8,2.1,0.5,11.4,32.3,5.4,4.0,3.9,0.2,4.1,4.4,225
253,4,2010,0,Dwight Howard,24.0,ORL,3.0,478.0,1230,0.389,82.0,34.7,18.3,13.2,1.8,0.9,2.8,0.612,0.592,13.2,0.223,201,C,82,6.2,10.2,0.0,0.1,0.0,6.2,10.1,.617,.612,5.9,10.0,3.5,9.7,3.3,3.5,2843,24.0,.630,.008,.978,12.0,31.3,22.0,8.7,1.4,6.0,18.7,23.9,6.1,7.1,1.6,2.8,4.4,4.6,1000
254,5,2010,0,Dwyane Wade,28.0,MIA,0.0,119.0,1230,0.097,77.0,36.3,26.6,4.8,6.5,1.8,1.1,0.476,0.761,13.0,0.224,405,SG,77,9.3,19.6,0.9,3.2,0.3,8.4,16.5,.509,.500,6.9,9.1,1.4,3.5,3.3,2.4,2792,28.0,.562,.161,.465,4.5,11.1,7.8,36.4,2.7,2.4,12.2,34.9,8.5,4.6,7.1,2.1,9.2,7.9,4000
255,6,2010,0,Carmelo Anthony,25.0,DEN,0.0,65.0,1230,0.053,69.0,38.2,28.2,6.6,3.2,1.3,0.4,0.458,0.83,7.9,0.145,14,SF,69,10.0,21.8,0.9,2.7,0.316,9.1,19.1,.478,.478,7.4,8.9,2.2,4.4,3.0,3.3,2634,22.2,.548,.125,.407,6.7,13.1,9.9,15.9,1.7,0.9,10.6,33.4,5.6,2.4,3.5,-1.2,2.3,2.9,1500
256,7,2010,0,Dirk Nowitzki,31.0,DAL,0.0,55.0,1230,0.045,81.0,37.5,25.0,7.7,2.7,0.9,1.0,0.481,0.915,12.3,0.194,309,PF,80,8.9,18.5,0.6,1.5,0.421,8.3,17.0,.487,.498,6.6,7.2,1.0,6.7,1.8,2.6,3039,22.9,.578,.081,.392,3.1,20.1,11.7,13.0,1.2,2.0,7.8,28.8,8.4,3.9,3.7,0.5,4.2,4.7,2500
257,8,2010,0,Steve Nash,35.0,PHO,0.0,49.0,1230,0.04,81.0,32.8,16.5,3.3,11.0,0.5,0.1,0.507,0.938,9.9,0.178,303,PG,81,6.2,12.2,1.5,3.6,0.426,4.6,8.6,.540,.570,2.6,2.8,0.4,2.9,3.6,1.3,2660,21.6,.615,.295,.228,1.5,9.4,5.7,50.9,0.8,0.3,21.4,22.9,9.1,0.8,6.1,-1.8,4.3,4.2,6600
258,9,2010,0,Deron Williams,25.0,UTA,0.0,7.0,1230,0.006,76.0,36.9,18.7,4.0,10.5,1.3,0.2,0.469,0.801,10.3,0.177,425,PG,76,6.5,13.9,1.3,3.4,0.371,5.2,10.4,.501,.515,4.4,5.5,0.7,3.3,3.3,2.7,2802,20.6,.574,.246,.397,2.2,10.4,6.4,44.5,1.8,0.5,16.9,23.8,7.4,3.0,4.2,-0.4,3.8,4.1,2500
259,10,2010,0,Amar'e Stoudemire,27.0,PHO,0.0,5.0,1230,0.004,82.0,34.6,23.1,8.9,1.0,0.6,1.0,0.557,0.771,10.7,0.181,377,PF,82,8.6,15.4,0.0,0.1,0.167,8.6,15.3,.559,.557,5.9,7.7,2.8,6.1,2.6,3.4,2838,22.6,.615,.005,.500,9.7,18.9,14.5,4.8,0.9,2.1,12.1,27.3,8.2,2.5,2.1,-1.1,1.0,2.2,6600
260,1,2011,1,Derrick Rose,22.0,CHI,113.0,1182.0,1210,0.977,81.0,37.4,25.0,4.1,7.7,1.0,0.6,0.445,0.858,13.1,0.208,356,PG,81,8.8,19.7,1.6,4.8,0.332,7.2,15.0,.481,.485,5.9,6.9,1.0,3.1,3.4,1.7,3026,23.5,.550,.241,.348,3.2,9.4,6.4,38.7,1.5,1.3,13.1,32.2,8.3,4.8,6.3,0.5,6.8,6.7,1400
261,2,2011,0,Dwight Howard,25.0,ORL,3.0,643.0,1210,0.531,78.0,37.6,22.9,14.1,1.4,1.4,2.4,0.593,0.596,14.4,0.235,211,C,78,7.9,13.4,0.0,0.1,0.0,7.9,13.3,.597,.593,7.0,11.7,4.0,10.1,3.6,3.3,2935,26.1,.616,.007,.877,12.6,30.6,21.8,6.8,1.9,4.9,16.2,27.2,6.7,7.7,2.9,2.4,5.3,5.4,1000
262,3,2011,0,LeBron James,26.0,MIA,4.0,522.0,1210,0.431,79.0,38.8,26.7,7.5,7.0,1.6,0.6,0.51,0.759,15.6,0.244,226,SF,79,9.6,18.8,1.2,3.5,0.33,8.4,15.3,.552,.541,6.4,8.4,1.0,6.5,3.6,2.1,3063,27.3,.594,.188,.446,3.3,18.7,11.4,34.9,2.1,1.3,13.8,31.5,10.3,5.3,6.3,1.8,8.1,7.8,175
263,4,2011,0,Kobe Bryant,32.0,LAL,1.0,428.0,1210,0.354,82.0,33.9,25.3,5.1,4.7,1.2,0.1,0.451,0.828,10.3,0.178,68,SG,82,9.0,20.0,1.4,4.3,0.323,7.6,15.6,.487,.487,5.9,7.1,1.0,4.1,3.0,2.1,2779,23.9,.548,.217,.356,3.5,13.3,8.5,26.7,1.9,0.3,11.4,35.1,6.8,3.5,5.4,-0.2,5.2,5.0,250
264,5,2011,0,Kevin Durant,22.0,OKC,0.0,190.0,1210,0.157,78.0,38.9,27.7,6.8,2.7,1.1,1.0,0.462,0.88,12.0,0.189,128,SF,78,9.1,19.7,1.9,5.3,0.35,7.3,14.4,.504,.509,7.6,8.7,0.7,6.1,2.8,2.0,3038,23.6,.589,.269,.439,2.3,17.7,10.3,13.2,1.5,1.8,10.6,30.6,8.6,3.3,5.2,-0.3,4.9,5.3,1600
265,6,2011,0,Dirk Nowitzki,32.0,DAL,0.0,113.0,1210,0.093,73.0,34.3,23.0,7.0,2.6,0.5,0.6,0.517,0.892,11.1,0.213,313,PF,73,8.4,16.2,0.9,2.3,0.393,7.5,13.8,.538,.545,5.4,6.1,0.7,6.3,1.9,2.4,2504,23.4,.612,.142,.376,2.4,20.8,12.0,14.2,0.8,1.4,9.1,28.2,7.8,3.3,4.3,0.8,5.1,4.5,2000
266,7,2011,0,Dwyane Wade,29.0,MIA,0.0,24.0,1210,0.02,76.0,37.1,25.5,6.4,4.6,1.5,1.1,0.5,0.758,12.8,0.218,413,SG,76,9.1,18.2,0.8,2.7,0.306,8.3,15.5,.534,.523,6.5,8.6,1.6,4.8,3.1,2.6,2823,25.6,.581,.149,.471,5.5,14.4,10.2,23.5,2.1,2.4,12.4,31.6,8.1,4.7,5.5,1.1,6.6,6.1,175
267,8,2011,0,Manu Ginbili,33.0,SAS,0.0,20.0,1210,0.017,80.0,30.3,17.4,3.7,4.9,1.5,0.4,0.433,0.871,9.9,0.195,166,SG,79,5.5,12.7,1.9,5.5,0.349,3.6,7.2,.497,.509,4.5,5.1,0.5,3.2,2.2,2.0,2426,21.7,.581,.433,.403,2.1,11.8,7.1,26.4,2.6,0.8,12.7,26.0,6.6,3.2,4.1,1.3,5.4,4.5,2500
268,9,2011,0,Amar'e Stoudemire,28.0,NYK,0.0,9.0,1210,0.007,78.0,36.8,25.3,8.2,2.6,0.9,1.9,0.502,0.792,8.0,0.134,385,C,78,9.5,19.0,0.1,0.3,0.435,9.4,18.7,.503,.505,6.1,7.7,2.5,5.6,3.2,3.5,2870,22.7,.565,.016,.403,7.8,17.6,12.7,13.2,1.2,3.8,12.5,30.9,5.4,2.6,2.0,-0.6,1.4,2.4,4000
269,10T,2011,0,Blake Griffin,21.0,LAC,0.0,5.0,1210,0.004,82.0,38.0,22.5,12.1,3.8,0.8,0.5,0.506,0.642,9.8,0.152,181,PF,82,8.5,16.8,0.1,0.3,0.292,8.4,16.5,.510,.508,5.4,8.5,3.3,8.8,2.7,3.1,3112,21.9,.549,.017,.505,10.2,26.9,18.6,18.7,1.0,1.1,11.7,27.3,6.5,3.4,3.0,-0.3,2.6,3.6,10000
270,1,2012,1,LeBron James,27.0,MIA,85.0,1074.0,1210,0.888,62.0,37.5,27.1,7.9,6.2,1.9,0.8,0.531,0.771,14.5,0.298,233,SF,62,10.0,18.9,0.9,2.4,0.362,9.1,16.5,.556,.554,6.2,8.1,1.5,6.4,3.4,1.5,2326,30.7,.605,.127,.429,5.0,19.7,12.6,33.6,2.6,1.7,13.3,32.0,10.0,4.5,8.2,2.7,10.9,7.6,225
271,2,2012,0,Kevin Durant,23.0,OKC,24.0,889.0,1210,0.735,66.0,38.6,28.0,8.0,3.5,1.3,1.2,0.496,0.86,12.2,0.23,126,SF,66,9.7,19.7,2.0,5.2,0.387,7.7,14.4,.535,.547,6.5,7.6,0.6,7.4,3.8,2.0,2546,26.2,.610,.265,.386,1.9,20.4,11.8,17.5,1.8,2.2,14.0,31.3,8.5,3.7,6.2,0.8,7.0,5.8,700
272,3,2012,0,Chris Paul,26.0,LAC,6.0,385.0,1210,0.318,60.0,36.4,19.8,3.6,9.1,2.5,0.1,0.478,0.861,12.7,0.278,348,PG,60,7.1,14.8,1.3,3.6,0.371,5.8,11.3,.511,.522,4.3,5.0,0.7,2.9,2.1,2.3,2181,27.0,.581,.239,.339,2.3,9.4,5.8,43.8,3.8,0.2,10.8,24.3,10.4,2.3,6.7,2.4,9.2,6.1,2000
273,4,2012,0,Kobe Bryant,33.0,LAL,2.0,352.0,1210,0.291,58.0,38.5,27.9,5.4,4.6,1.2,0.3,0.43,0.845,6.2,0.132,68,SG,58,9.9,23.0,1.5,4.9,0.303,8.4,18.1,.464,.462,6.6,7.8,1.1,4.3,3.5,1.8,2232,21.9,.527,.215,.338,3.5,11.8,7.8,23.7,1.6,0.6,11.7,35.7,4.2,2.0,4.2,-0.9,3.3,2.9,450
274,5,2012,0,Tony Parker,29.0,SAS,4.0,331.0,1210,0.274,60.0,32.1,18.3,2.9,7.7,1.0,0.1,0.48,0.799,7.1,0.177,345,PG,60,7.1,14.8,0.2,1.0,0.23,6.9,13.8,.498,.488,3.8,4.7,0.4,2.5,2.6,1.3,1923,22.0,.539,.069,.319,1.3,8.7,5.1,40.3,1.5,0.2,13.1,27.7,5.5,1.6,3.6,-0.9,2.7,2.3,3300
275,6,2012,0,Kevin Love,23.0,MIN,0.0,58.0,1210,0.048,55.0,39.0,26.0,13.3,2.0,0.9,0.5,0.448,0.824,10.0,0.223,283,PF,55,8.6,19.3,1.9,5.1,0.372,6.7,14.1,.475,.497,6.9,8.4,4.1,9.2,2.3,2.8,2145,25.4,.568,.266,.434,11.6,26.4,19.0,10.0,1.1,0.9,9.2,28.8,7.6,2.3,6.1,-0.9,5.2,3.9,20000
276,7,2012,0,Dwight Howard,26.0,ORL,0.0,13.0,1210,0.011,54.0,38.3,20.6,14.5,1.9,1.5,2.1,0.573,0.491,7.7,0.179,218,C,54,7.7,13.4,0.0,0.1,0.0,7.7,13.3,.579,.573,5.2,10.6,3.7,10.8,3.2,2.9,2070,24.2,.569,.010,.788,11.0,33.1,21.9,9.8,2.1,4.4,15.2,26.1,3.3,4.4,2.2,2.0,4.3,3.3,2500
277,8,2012,0,Rajon Rondo,25.0,BOS,0.0,12.0,1210,0.01,53.0,36.9,11.9,4.8,11.7,1.8,0.1,0.448,0.597,4.9,0.121,371,PG,53,4.8,10.8,0.2,0.8,0.238,4.6,10.0,.464,.456,2.0,3.4,1.2,3.7,3.6,1.9,1957,17.5,.483,.073,.316,3.9,11.2,7.7,52.5,2.6,0.1,22.8,20.7,1.5,3.4,1.5,0.6,2.2,2.1,1600
278,9,2012,0,Steve Nash,37.0,PHO,0.0,7.0,1210,0.006,62.0,31.6,12.5,3.0,10.7,0.6,0.1,0.532,0.894,5.9,0.144,327,PG,62,4.8,9.0,0.9,2.3,0.39,3.9,6.7,.580,.581,2.0,2.3,0.4,2.6,3.7,0.9,1961,20.3,.625,.254,.256,1.5,9.1,5.3,53.1,1.0,0.3,27.1,19.6,5.2,0.6,4.7,-1.2,3.4,2.7,10000
279,10,2012,0,Dwyane Wade,30.0,MIA,0.0,6.0,1210,0.005,49.0,33.2,22.1,4.8,4.6,1.7,1.3,0.497,0.791,7.7,0.227,440,SG,49,8.5,17.1,0.3,1.1,0.268,8.2,15.9,.513,.506,4.8,6.1,1.5,3.3,2.6,2.2,1625,26.3,.559,.067,.355,5.6,11.6,8.7,27.3,2.7,3.1,11.8,31.3,4.8,2.9,6.0,1.9,7.9,4.0,225
280,1,2013,1,LeBron James,28.0,MIA,120.0,1207.0,1210,0.998,76.0,37.9,26.8,8.0,7.3,1.7,0.9,0.565,0.753,19.3,0.322,212,PF,76,10.1,17.8,1.4,3.3,0.406,8.7,14.5,.602,.603,5.3,7.0,1.3,6.8,3.0,1.4,2877,31.6,.640,.188,.395,4.4,20.8,13.1,36.4,2.4,1.9,12.4,30.2,14.6,4.7,9.3,2.4,11.7,9.9,225
281,2,2013,0,Kevin Durant,24.0,OKC,0.0,765.0,1210,0.632,81.0,38.5,28.1,7.9,4.6,1.4,1.3,0.51,0.905,18.9,0.291,120,SF,81,9.0,17.7,1.7,4.1,0.416,7.3,13.6,.539,.559,8.4,9.3,0.6,7.3,3.5,1.8,3119,28.3,.647,.233,.523,1.8,20.3,11.8,21.7,1.9,2.6,13.7,29.8,13.6,5.3,7.6,1.7,9.3,8.9,450
282,3,2013,0,Carmelo Anthony,28.0,NYK,1.0,475.0,1210,0.393,67.0,37.0,28.7,6.9,2.6,0.8,0.5,0.449,0.83,9.5,0.184,16,PF,67,10.0,22.2,2.3,6.2,0.379,7.6,16.0,.476,.502,6.3,7.6,2.0,4.9,2.6,3.1,2482,24.8,.560,.278,.344,6.1,15.9,10.8,14.1,1.1,1.1,9.3,35.6,7.5,2.0,6.0,-1.7,4.3,3.9,3300
283,4,2013,0,Chris Paul,27.0,LAC,0.0,289.0,1210,0.239,70.0,33.4,16.9,3.7,9.7,2.4,0.1,0.481,0.885,13.9,0.287,334,PG,70,5.9,12.2,1.1,3.3,0.328,4.8,8.9,.538,.526,4.1,4.6,0.8,3.0,2.3,2.0,2335,26.4,.594,.271,.377,2.8,10.5,6.7,46.5,3.8,0.4,13.7,22.6,10.6,3.4,6.4,2.4,8.8,6.4,2200
284,5,2013,0,Kobe Bryant,34.0,LAL,0.0,184.0,1210,0.152,78.0,38.6,27.3,5.6,6.0,1.4,0.3,0.463,0.839,10.9,0.174,64,SG,78,9.5,20.4,1.7,5.2,0.324,7.8,15.2,.510,.504,6.7,8.0,0.8,4.7,3.7,2.2,3013,23.0,.570,.255,.392,2.5,13.1,7.9,29.7,1.8,0.6,13.3,31.9,8.4,2.6,4.7,-0.1,4.6,5.0,275
285,6,2013,0,Tony Parker,30.0,SAS,0.0,86.0,1210,0.071,66.0,32.9,20.3,3.0,7.6,0.8,0.1,0.522,0.845,9.3,0.206,331,PG,66,7.9,15.1,0.4,1.0,0.353,7.5,14.0,.534,.534,4.2,5.0,0.3,2.7,2.6,1.4,2174,23.0,.588,.068,.332,1.0,9.1,5.3,40.4,1.3,0.2,13.0,27.7,7.1,2.3,4.1,-0.5,3.6,3.1,1600
286,7,2013,0,Tim Duncan,36.0,SAS,0.0,65.0,1210,0.054,69.0,30.1,17.8,9.9,2.7,0.7,2.7,0.502,0.817,8.3,0.191,118,C,69,7.1,14.1,0.0,0.1,0.286,7.1,14.0,.504,.503,3.6,4.3,1.8,8.1,2.1,1.7,2078,24.4,.554,.007,.307,7.3,29.6,19.1,15.5,1.2,6.4,11.7,27.8,3.4,4.9,2.4,2.9,5.3,3.8,1600
287,8,2013,0,James Harden,23.0,HOU,0.0,33.0,1210,0.027,78.0,38.3,25.9,4.9,5.8,1.8,0.5,0.438,0.851,12.8,0.206,169,SG,78,7.5,17.1,2.3,6.2,0.368,5.2,10.9,.477,.504,8.6,10.2,0.8,4.1,3.8,2.3,2985,23.0,.600,.364,.592,2.4,11.9,7.2,25.7,2.4,1.0,14.9,29.0,9.8,3.0,5.2,0.5,5.6,5.8,6600
288,9,2013,0,Russell Westbrook,24.0,OKC,0.0,9.0,1210,0.007,82.0,34.9,23.2,5.2,7.4,1.8,0.3,0.438,0.8,11.6,0.195,448,PG,82,8.2,18.7,1.2,3.7,0.323,7.0,15.1,.466,.470,5.6,7.0,1.4,3.9,3.3,2.3,2861,23.9,.532,.195,.375,4.8,11.8,8.6,38.4,2.6,0.6,13.2,32.8,7.7,3.9,4.6,-0.2,4.4,4.6,450
289,10,2013,0,Dwyane Wade,31.0,MIA,0.0,5.0,1210,0.004,69.0,34.7,21.2,5.0,5.1,1.9,0.8,0.521,0.725,9.6,0.192,435,SG,69,8.2,15.8,0.2,1.0,0.258,8.0,14.9,.537,.528,4.5,6.2,1.2,3.7,2.8,2.0,2391,24.0,.571,.060,.389,4.7,12.6,8.9,26.6,2.8,1.9,13.2,29.5,6.1,3.5,3.7,0.7,4.4,3.8,225
290,1,2014,1,Kevin Durant,25.0,OKC,119.0,1232.0,1250,0.986,81.0,38.5,32.0,7.4,5.5,1.3,0.7,0.503,0.873,19.2,0.295,134,SF,81,10.5,20.8,2.4,6.1,0.391,8.1,14.8,.549,.560,8.7,9.9,0.7,6.7,3.5,2.1,3122,29.8,.635,.291,.477,2.2,18.6,10.8,26.7,1.7,1.5,12.2,33.0,14.8,4.4,8.8,1.4,10.2,9.6,550
291,2,2014,0,LeBron James,29.0,MIA,6.0,891.0,1250,0.713,77.0,37.7,27.1,6.9,6.3,1.6,0.3,0.567,0.75,15.9,0.264,226,PF,77,10.0,17.6,1.5,4.0,0.379,8.5,13.6,.622,.610,5.7,7.6,1.1,5.9,3.5,1.6,2902,29.3,.649,.226,.432,3.6,18.9,11.5,32.0,2.2,0.8,14.4,31.0,12.3,3.7,7.8,1.1,8.8,7.9,200
292,3,2014,0,Blake Griffin,24.0,LAC,0.0,434.0,1250,0.347,80.0,35.8,24.1,9.5,3.9,1.2,0.6,0.528,0.715,12.2,0.205,180,PF,80,9.0,17.0,0.2,0.6,0.273,8.8,16.4,.537,.533,6.0,8.4,2.4,7.1,2.8,3.3,2863,23.9,.583,.032,.496,7.7,21.2,14.7,19.2,1.6,1.4,11.9,29.0,8.1,4.1,3.8,0.7,4.5,4.7,1400
293,4,2014,0,Joakim Noah,28.0,CHI,0.0,322.0,1250,0.258,80.0,35.3,12.6,11.3,5.4,1.2,1.5,0.475,0.737,11.2,0.19,332,C,80,4.8,10.0,0.0,0.0,0.0,4.8,10.0,.476,.475,3.1,4.2,3.5,7.7,2.4,3.1,2820,20.0,.531,.003,.419,11.6,24.5,18.2,26.4,1.9,3.3,17.0,18.7,4.5,6.6,1.7,3.6,5.3,5.2,1000
294,5,2014,0,James Harden,24.0,HOU,0.0,85.0,1250,0.068,73.0,38.0,25.4,4.7,6.1,1.6,0.4,0.456,0.866,12.8,0.221,186,SG,73,7.5,16.5,2.4,6.6,0.366,5.1,9.9,.515,.529,7.9,9.1,0.8,3.9,3.6,2.4,2777,23.5,.618,.401,.552,2.6,10.7,6.9,27.3,2.1,0.8,15.0,27.8,10.1,2.7,5.4,0.2,5.6,5.3,1200
295,6,2014,0,Stephen Curry,25.0,GSW,0.0,66.0,1250,0.053,78.0,36.5,24.0,4.3,8.5,1.6,0.2,0.471,0.885,13.4,0.225,111,PG,78,8.4,17.7,3.3,7.9,0.424,5.0,9.8,.509,.566,3.9,4.5,0.6,3.7,3.8,2.5,2846,24.1,.610,.445,.252,1.8,10.9,6.4,39.9,2.2,0.4,16.1,28.3,9.3,4.0,6.3,1.1,7.4,6.7,2500
296,7,2014,0,Chris Paul,28.0,LAC,0.0,45.0,1250,0.036,62.0,35.0,19.1,4.3,10.7,2.5,0.1,0.467,0.855,12.2,0.27,349,PG,62,6.5,14.0,1.3,3.4,0.368,5.3,10.6,.498,.511,4.8,5.6,0.6,3.7,2.3,2.5,2171,25.9,.580,.244,.397,2.0,11.4,6.9,48.9,3.5,0.1,12.4,23.7,9.0,3.2,6.0,2.6,8.6,5.8,1400
297,8,2014,0,Al Jefferson,29.0,CHA,0.0,34.0,1250,0.027,73.0,35.0,21.8,10.8,2.1,0.9,1.1,0.509,0.69,7.8,0.146,230,C,73,9.6,18.8,0.0,0.2,0.2,9.5,18.6,.512,.510,2.6,3.8,2.1,8.7,1.7,2.4,2553,22.7,.532,.011,.201,6.9,28.3,17.5,12.8,1.4,2.4,7.6,29.3,3.1,4.7,2.2,0.5,2.7,3.0,30000
298,9,2014,0,Paul George,23.0,IND,0.0,33.0,1250,0.026,80.0,36.2,21.7,6.8,3.5,1.9,0.3,0.424,0.864,10.8,0.178,163,SF,80,7.2,17.0,2.3,6.3,0.364,4.9,10.8,.458,.490,5.0,5.8,0.8,6.0,2.8,2.5,2898,20.1,.555,.367,.341,2.6,17.7,10.5,17.9,2.7,0.6,12.5,28.3,4.4,6.4,2.7,2.1,4.9,5.0,1400
299,10,2014,0,LaMarcus Aldridge,28.0,POR,0.0,26.0,1250,0.021,69.0,36.2,23.2,11.1,2.6,0.9,1.0,0.458,0.822,7.5,0.144,7,PF,69,9.4,20.6,0.0,0.2,0.2,9.4,20.4,.461,.459,4.3,5.2,2.4,8.7,1.8,2.1,2498,21.8,.507,.011,.253,7.2,25.5,16.5,13.0,1.3,1.9,7.2,29.8,4.0,3.5,2.3,0.1,2.3,2.7,8000
300,1,2015,1,Stephen Curry,26.0,GSW,100.0,1198.0,1300,0.922,80.0,32.7,23.8,4.3,7.7,2.0,0.2,0.487,0.914,15.7,0.288,112,PG,80,8.2,16.8,3.6,8.1,0.443,4.6,8.7,.528,.594,3.9,4.2,0.7,3.6,3.1,2.0,2613,28.0,.638,.482,.251,2.4,11.4,7.0,38.6,3.0,0.5,14.3,28.9,11.5,4.1,8.2,1.7,9.9,7.9,2800
301,2,2015,0,James Harden,25.0,HOU,25.0,936.0,1300,0.72,81.0,36.8,27.4,5.7,7.0,1.9,0.7,0.44,0.868,16.4,0.265,197,SG,81,8.0,18.1,2.6,6.9,0.375,5.4,11.3,.480,.511,8.8,10.2,0.9,4.7,4.0,2.6,2981,26.7,.605,.378,.561,2.8,14.2,8.5,34.6,2.6,1.6,14.9,31.3,12.2,4.2,7.0,1.8,8.8,8.1,2200
302,3,2015,0,LeBron James,30.0,CLE,5.0,552.0,1300,0.425,69.0,36.1,25.3,6.0,7.4,1.6,0.7,0.488,0.71,10.4,0.199,235,SF,69,9.0,18.5,1.7,4.9,0.354,7.3,13.6,.536,.535,5.4,7.7,0.7,5.3,3.9,2.0,2493,25.9,.577,.265,.413,2.4,16.6,9.6,38.6,2.3,1.6,15.3,32.3,7.4,2.9,6.1,1.0,7.1,5.7,275
303,4,2015,0,Russell Westbrook,26.0,OKC,0.0,352.0,1300,0.271,67.0,34.4,28.1,7.3,8.6,2.1,0.2,0.426,0.835,10.6,0.222,470,PG,67,9.4,22.0,1.3,4.3,0.299,8.1,17.7,.457,.455,8.1,9.8,1.9,5.4,4.4,2.7,2302,29.1,.536,.196,.445,5.9,16.7,11.4,47.0,3.0,0.5,14.3,38.4,7.5,3.2,6.9,1.2,8.1,5.8,600
304,5,2015,0,Anthony Davis,21.0,NOP,0.0,203.0,1300,0.156,68.0,36.1,24.4,10.2,2.2,1.5,2.9,0.535,0.805,14.0,0.274,117,PF,68,9.4,17.6,0.0,0.2,0.083,9.4,17.5,.540,.536,5.5,6.8,2.5,7.7,1.4,2.1,2455,30.8,.591,.010,.384,8.0,24.1,16.1,11.6,2.1,6.2,6.3,27.8,9.9,4.2,6.6,2.3,8.9,6.7,7500
305,6,2015,0,Chris Paul,29.0,LAC,0.0,124.0,1300,0.095,82.0,34.8,19.1,4.6,10.2,1.9,0.2,0.485,0.9,16.1,0.27,361,PG,82,6.9,14.3,1.7,4.3,0.398,5.2,10.0,.523,.545,3.5,3.9,0.6,4.0,2.3,2.5,2857,26.0,.596,.298,.274,2.1,12.5,7.4,47.4,2.8,0.4,12.7,23.7,12.9,3.2,6.4,1.6,8.0,7.2,900
306,7,2015,0,LaMarcus Aldridge,29.0,POR,0.0,6.0,1300,0.005,71.0,35.4,23.4,10.2,1.7,0.7,1.0,0.466,0.845,8.6,0.165,9,PF,71,9.3,19.9,0.5,1.5,0.352,8.8,18.5,.475,.479,4.3,5.1,2.5,7.7,1.7,1.8,2512,22.8,.528,.074,.256,7.7,22.9,15.5,9.2,1.0,1.9,7.2,30.2,4.9,3.7,3.2,-0.3,2.9,3.1,5000
307,8T,2015,0,Marc Gasol,30.0,MEM,0.0,3.0,1300,0.002,81.0,33.2,17.4,7.8,3.8,0.9,1.6,0.494,0.795,10.2,0.182,166,C,81,6.5,13.2,0.0,0.2,0.176,6.5,13.0,.500,.496,4.3,5.4,1.4,6.4,2.2,2.6,2687,21.7,.558,.016,.410,4.9,21.8,13.4,19.7,1.4,4.0,12.2,24.6,5.5,4.7,2.7,2.4,5.1,4.8,5500
308,8T,2015,0,Blake Griffin,25.0,LAC,0.0,3.0,1300,0.002,67.0,35.2,21.9,7.6,5.3,0.9,0.5,0.502,0.728,9.0,0.183,190,PF,67,8.6,17.1,0.1,0.4,0.4,8.4,16.7,.504,.506,4.6,6.4,1.9,5.7,2.3,2.9,2356,22.8,.551,.022,.373,6.1,17.9,12.1,26.2,1.4,1.2,10.2,28.4,6.6,2.4,3.8,0.2,4.0,3.6,900
309,10T,2015,0,Tim Duncan,38.0,SAS,0.0,1.0,1300,0.001,77.0,28.9,13.9,9.1,3.0,0.8,2.0,0.512,0.74,9.6,0.207,137,C,77,5.4,10.6,0.0,0.1,0.286,5.4,10.5,.514,.513,3.0,4.0,2.2,6.9,1.7,2.1,2227,22.6,.560,.009,.380,8.8,26.7,17.9,16.8,1.4,5.1,12.1,22.2,4.9,4.7,2.3,2.8,5.1,4.0,350
310,1,2016,1,Stephen Curry,27.0,GSW,131.0,1310.0,1310,1.0,79.0,34.2,30.1,5.4,6.7,2.1,0.2,0.504,0.908,17.9,0.318,105,PG,79,10.2,20.2,5.1,11.2,0.454,5.1,9.0,.566,.630,4.6,5.1,0.9,4.6,3.3,2.0,2700,31.5,.669,.554,.250,2.9,13.6,8.6,33.7,3.0,0.4,12.9,32.6,13.8,4.1,10.3,1.6,11.9,9.5,480
311,2,2016,0,Kawhi Leonard,24.0,SAS,0.0,634.0,1310,0.484,72.0,33.1,21.2,6.8,2.6,1.8,1.0,0.506,0.874,13.7,0.277,263,SF,72,7.7,15.1,1.8,4.0,0.443,5.9,11.1,.528,.565,4.1,4.6,1.3,5.5,1.5,1.8,2380,26.0,.616,.267,.306,4.7,18.4,11.8,13.0,2.8,2.3,7.8,25.8,8.3,5.5,6.1,3.0,9.1,6.7,500
312,3,2016,0,LeBron James,31.0,CLE,0.0,631.0,1310,0.482,76.0,35.6,25.3,7.4,6.8,1.4,0.6,0.52,0.731,13.6,0.242,221,SF,76,9.7,18.6,1.1,3.7,0.309,8.6,14.9,.573,.551,4.7,6.5,1.5,6.0,3.3,1.9,2709,27.5,.588,.199,.347,4.7,18.8,11.8,36.0,2.0,1.5,13.2,31.4,9.6,4.0,7.0,2.0,9.0,7.5,280
313,4,2016,0,Russell Westbrook,27.0,OKC,0.0,486.0,1310,0.371,80.0,34.4,23.5,7.8,10.4,2.0,0.3,0.454,0.812,14.0,0.245,452,PG,80,8.2,18.1,1.3,4.3,0.296,6.9,13.8,.503,.489,5.8,7.2,1.8,6.0,4.3,2.5,2750,27.6,.554,.236,.397,6.1,18.1,12.4,49.6,2.9,0.6,16.8,31.6,10.0,4.0,6.4,1.4,7.8,6.8,750
314,5,2016,0,Kevin Durant,27.0,OKC,0.0,147.0,1310,0.112,72.0,35.8,28.2,8.2,5.0,1.0,1.2,0.505,0.898,14.5,0.27,126,SF,72,9.7,19.2,2.6,6.7,0.387,7.1,12.5,.569,.573,6.2,6.9,0.6,7.6,3.5,1.9,2578,28.2,.634,.348,.361,2.0,21.8,12.4,24.2,1.3,2.5,13.5,30.6,11.0,3.5,8.4,1.6,9.9,7.8,750
315,6,2016,0,Chris Paul,30.0,LAC,0.0,107.0,1310,0.082,74.0,32.7,19.5,4.2,10.0,2.1,0.2,0.462,0.896,12.7,0.253,348,PG,74,7.0,15.1,1.6,4.4,0.371,5.3,10.6,.501,.517,4.0,4.4,0.5,3.7,2.6,2.5,2420,26.2,.575,.295,.294,1.8,12.0,7.0,52.7,3.1,0.4,13.4,27.1,9.2,3.5,5.9,2.0,7.9,6.0,1200
316,7,2016,0,Draymond Green,25.0,GSW,0.0,50.0,1310,0.038,81.0,34.7,14.0,9.5,7.4,1.5,1.4,0.49,0.696,11.1,0.19,166,PF,81,5.0,10.1,1.2,3.2,0.388,3.7,6.9,.537,.551,2.8,4.1,1.7,7.8,3.2,3.0,2808,19.3,.587,.315,.402,5.5,23.0,14.7,29.0,2.0,3.0,21.2,18.8,6.0,5.1,2.6,2.9,5.5,5.3,480
317,8,2016,0,Damian Lillard,25.0,POR,0.0,26.0,1310,0.02,75.0,35.7,25.1,4.0,6.8,0.9,0.4,0.419,0.892,9.2,0.165,266,PG,75,8.2,19.7,3.1,8.1,0.375,5.2,11.5,.450,.497,5.5,6.2,0.6,3.4,3.2,2.2,2676,22.2,.560,.414,.315,1.8,10.4,6.1,33.6,1.2,0.8,12.6,31.3,7.7,1.4,5.7,-1.3,4.4,4.3,30000
318,9,2016,0,James Harden,26.0,HOU,0.0,9.0,1310,0.007,82.0,38.1,29.0,6.1,7.5,1.7,0.6,0.439,0.86,13.3,0.204,177,SG,82,8.7,19.7,2.9,8.0,0.359,5.8,11.7,.494,.512,8.8,10.2,0.8,5.3,4.6,2.8,3125,25.3,.598,.406,.518,2.2,15.6,8.8,35.4,2.2,1.4,15.9,32.5,10.7,2.6,6.4,0.2,6.6,6.8,1500
319,10,2016,0,Kyle Lowry,29.0,TOR,0.0,6.0,1310,0.005,77.0,37.0,21.2,4.7,6.4,2.1,0.4,0.427,0.811,11.6,0.196,273,PG,77,6.6,15.6,2.8,7.1,0.388,3.9,8.5,.461,.516,5.2,6.4,0.7,4.0,2.9,2.7,2851,22.2,.578,.457,.410,2.2,12.3,7.3,29.9,2.9,1.0,13.7,26.1,8.0,3.7,4.7,1.1,5.8,5.7,6600
320,1,2017,1,Russell Westbrook,28.0,OKC,69.0,888.0,1010,0.879,81.0,34.6,31.6,10.7,10.4,1.6,0.4,0.425,0.845,13.1,0.224,458,PG,81,10.2,24.0,2.5,7.2,0.343,7.7,16.8,.459,.476,8.8,10.4,1.7,9.0,5.4,2.3,2802,30.6,.554,.300,.433,5.4,28.8,17.1,57.3,2.3,0.9,15.9,41.7,8.5,4.6,8.7,2.4,11.1,9.3,6000
321,2,2017,0,James Harden,27.0,HOU,22.0,753.0,1010,0.746,81.0,36.4,29.1,8.1,11.2,1.5,0.5,0.44,0.847,15.0,0.245,172,PG,81,8.3,18.9,3.2,9.3,0.347,5.1,9.6,.530,.525,9.2,10.9,1.2,7.0,5.7,2.7,2947,27.4,.613,.493,.575,3.5,20.9,12.2,50.7,2.0,1.0,19.5,34.2,11.5,3.6,7.5,1.2,8.7,8.0,16000
322,3,2017,0,Kawhi Leonard,25.0,SAS,9.0,500.0,1010,0.495,74.0,33.4,25.5,5.8,3.5,1.8,0.7,0.485,0.88,13.6,0.264,261,SF,74,8.6,17.7,2.0,5.2,0.38,6.6,12.5,.529,.541,6.3,7.2,1.1,4.7,2.1,1.6,2474,27.6,.610,.295,.406,3.7,15.7,9.8,18.9,2.7,1.8,9.1,31.1,8.9,4.7,7.1,2.2,9.4,7.1,925
323,4,2017,0,LeBron James,32.0,CLE,1.0,333.0,1010,0.33,74.0,37.8,26.4,8.6,8.7,1.2,0.6,0.548,0.674,12.9,0.221,220,SF,74,9.9,18.2,1.7,4.6,0.363,8.3,13.5,.611,.594,4.8,7.2,1.3,7.3,4.1,1.8,2794,27.0,.619,.254,.395,4.0,20.7,12.6,41.3,1.6,1.3,16.1,30.0,9.8,3.0,6.4,1.2,7.6,6.7,385
324,5,2017,0,Isaiah Thomas,27.0,BOS,0.0,81.0,1010,0.08,76.0,33.8,28.9,2.7,5.9,0.9,0.2,0.463,0.909,12.5,0.234,424,PG,76,9.0,19.4,3.2,8.5,0.379,5.8,10.9,.528,.546,7.8,8.5,0.6,2.1,2.8,2.2,2569,26.5,.625,.439,.441,1.9,7.0,4.4,32.5,1.4,0.4,10.7,34.0,10.9,1.6,7.8,-1.1,6.7,5.6,2900
325,6,2017,0,Stephen Curry,28.0,GSW,0.0,52.0,1010,0.051,79.0,33.4,25.3,4.5,6.6,1.8,0.2,0.468,0.898,12.6,0.229,98,PG,79,8.5,18.3,4.1,10.0,0.411,4.4,8.3,.537,.580,4.1,4.6,0.8,3.7,3.0,2.3,2638,24.6,.624,.547,.251,2.7,11.4,7.3,31.2,2.6,0.5,13.0,30.1,8.7,3.9,6.7,0.3,6.9,5.9,-128
326,7T,2017,0,Giannis Antetokounmpo,22.0,MIL,0.0,7.0,1010,0.007,80.0,35.6,22.9,8.8,5.4,1.6,1.9,0.521,0.77,12.4,0.21,16,SF,80,8.2,15.7,0.6,2.3,0.272,7.6,13.5,.563,.541,5.9,7.7,1.8,7.0,2.9,3.1,2845,26.1,.599,.143,.486,5.9,22.6,14.3,26.6,2.3,4.7,13.3,28.3,7.9,4.5,4.9,2.4,7.3,6.7,18000
327,7T,2017,0,John Wall,26.0,WAS,0.0,7.0,1010,0.007,78.0,36.4,23.1,4.2,10.7,2.0,0.6,0.451,0.801,8.8,0.149,452,PG,78,8.3,18.4,1.1,3.5,0.327,7.2,14.9,.480,.482,5.4,6.8,0.8,3.4,4.1,1.9,2836,23.2,.541,.190,.367,2.4,10.6,6.5,46.9,2.7,1.4,16.2,30.6,5.8,3.0,4.6,0.1,4.7,4.8,16000
328,9T,2017,0,Anthony Davis,23.0,NOP,0.0,2.0,1010,0.002,75.0,36.1,28.0,11.8,2.1,1.3,2.2,0.505,0.802,11.0,0.195,100,C,75,10.3,20.3,0.5,1.8,0.299,9.7,18.6,.524,.518,6.9,8.6,2.3,9.5,2.4,2.2,2708,27.5,.580,.088,.424,6.7,27.9,17.2,11.1,1.7,5.1,9.1,32.6,5.9,5.1,4.4,1.4,5.9,5.4,14500
329,9T,2017,0,Kevin Durant,28.0,GSW,0.0,2.0,1010,0.002,62.0,33.4,25.1,8.3,4.8,1.1,1.6,0.537,0.875,12.0,0.278,119,PF,62,8.9,16.5,1.9,5.0,0.375,7.0,11.5,.608,.594,5.4,6.2,0.6,7.6,2.2,1.9,2070,27.6,.651,.304,.374,2.2,23.6,13.6,23.1,1.5,3.8,10.4,27.8,8.0,4.0,6.7,2.2,8.9,5.7,-128
330,1,2018,1,James Harden,28.0,HOU,86.0,965.0,1010,0.955,72.0,35.4,30.4,5.4,8.8,1.8,0.7,0.449,0.858,15.4,0.289,194,SG,72,9.0,20.1,3.7,10.0,0.367,5.4,10.1,.531,.541,8.7,10.1,0.6,4.8,4.4,2.3,2551,29.8,.619,.498,.502,1.8,15.2,8.6,45.1,2.4,1.7,15.1,36.1,11.6,3.8,8.5,1.4,9.9,7.7,2150
331,2,2018,0,LeBron James,33.0,CLE,15.0,738.0,1010,0.731,82.0,36.9,27.5,8.6,9.1,1.4,0.9,0.542,0.731,14.0,0.221,248,PF,82,10.5,19.3,1.8,5.0,0.367,8.6,14.3,.603,.590,4.7,6.5,1.2,7.5,4.2,1.7,3026,28.6,.621,.257,.336,3.7,22.3,13.1,44.4,1.9,2.0,16.1,31.6,11.0,3.0,7.3,1.4,8.7,8.2,515
332,3,2018,0,Anthony Davis,24.0,NOP,0.0,445.0,1010,0.441,75.0,36.4,28.1,11.1,2.3,1.5,2.6,0.534,0.828,13.7,0.241,122,PF,75,10.4,19.5,0.7,2.2,0.34,9.7,17.3,.558,.552,6.6,8.0,2.5,8.6,2.2,2.1,2727,28.9,.612,.111,.409,7.7,24.8,16.5,10.8,2.0,5.6,8.6,30.0,8.8,4.9,5.3,1.4,6.7,5.9,22000
333,4,2018,0,Damian Lillard,27.0,POR,0.0,207.0,1010,0.205,73.0,36.6,26.9,4.5,6.6,1.1,0.4,0.439,0.916,12.6,0.227,298,PG,73,8.5,19.4,3.1,8.6,0.361,5.4,10.8,.501,.519,6.8,7.4,0.8,3.6,2.8,1.6,2670,25.2,.594,.445,.380,2.6,10.6,6.6,30.9,1.4,0.8,11.1,30.6,9.9,2.7,7.0,0.3,7.2,6.3,31500
334,5,2018,0,Russell Westbrook,29.0,OKC,0.0,76.0,1010,0.075,80.0,36.4,25.4,10.1,10.3,1.8,0.3,0.449,0.737,10.1,0.166,508,PG,80,9.5,21.1,1.2,4.1,0.298,8.3,17.0,.485,.477,5.2,7.1,1.9,8.2,4.8,2.5,2914,24.7,.524,.193,.336,5.6,25.7,15.3,49.8,2.5,0.6,16.4,34.1,5.5,4.5,4.8,1.5,6.3,6.1,2150
335,6,2018,0,Giannis Antetokounmpo,23.0,MIL,0.0,75.0,1010,0.074,75.0,36.7,26.9,10.0,4.8,1.5,1.4,0.529,0.76,11.9,0.207,16,PF,75,9.9,18.7,0.6,1.9,0.307,9.3,16.8,.554,.545,6.5,8.5,2.1,8.0,3.0,3.1,2756,27.3,.598,.100,.457,6.7,25.3,16.0,23.7,2.0,3.3,11.7,31.2,8.3,3.6,5.3,0.9,6.2,5.7,8000
336,7,2018,0,Kevin Durant,29.0,GSW,0.0,66.0,1010,0.065,68.0,34.2,26.4,6.8,5.4,0.7,1.8,0.516,0.889,10.4,0.215,143,SF,68,9.3,18.0,2.5,6.1,0.419,6.7,11.9,.565,.586,5.3,5.9,0.5,6.4,3.0,2.0,2325,26.0,.640,.338,.331,1.6,19.5,11.2,25.5,1.0,4.0,12.9,30.4,7.5,2.9,6.7,0.6,7.3,5.5,-187
337,8,2018,0,DeMar DeRozan,28.0,TOR,0.0,32.0,1010,0.032,80.0,33.9,23.0,3.9,5.2,1.1,0.3,0.456,0.825,9.6,0.17,130,SG,80,8.1,17.7,1.1,3.6,0.31,7.0,14.1,.494,.488,5.8,7.0,0.7,3.2,2.2,1.9,2711,21.0,.555,.203,.396,2.5,10.4,6.5,25.0,1.5,0.6,9.5,29.6,6.8,2.8,3.3,-0.6,2.8,3.2,15000
338,9,2018,0,LaMarcus Aldridge,32.0,SAS,0.0,6.0,1010,0.006,75.0,33.5,23.1,8.5,2.0,0.6,1.2,0.51,0.837,10.9,0.209,7,C,75,9.2,18.0,0.4,1.2,0.293,8.8,16.7,.526,.520,4.5,5.3,3.3,5.2,1.5,2.1,2509,25.0,.570,.068,.296,10.8,17.3,14.0,11.3,0.9,3.0,6.8,29.1,7.4,3.5,4.3,-0.4,3.9,3.7,1800
339,10T,2018,0,Jimmy Butler,28.0,MIN,0.0,5.0,1010,0.005,59.0,36.7,22.2,5.3,4.9,2.0,0.4,0.474,0.854,8.9,0.198,79,SG,59,7.4,15.6,1.2,3.4,0.35,6.2,12.2,.509,.512,6.2,7.2,1.3,4.0,1.8,1.3,2164,23.7,.590,.217,.461,4.2,12.7,8.4,20.6,2.7,1.0,8.9,24.9,7.1,1.8,5.0,0.7,5.8,4.2,5000
340,1,2019,1,Giannis Antetokounmpo,24.0,MIL,78.0,941.0,1010,0.932,72.0,32.8,27.7,12.5,5.9,1.3,1.5,0.578,0.729,14.4,0.292,18,PF,72,10.0,17.3,0.7,2.8,.256,9.3,14.5,.641,.599,6.9,9.5,2.2,10.3,3.7,3.2,2358,30.9,.644,.163,.550,7.3,30.0,19.3,30.3,1.8,3.9,14.8,32.3,8.9,5.5,6.3,4.1,10.4,7.4,10000
341,2,2019,0,James Harden,29.0,HOU,23.0,776.0,1010,0.768,78.0,36.8,36.1,6.6,7.5,2.0,0.7,0.442,0.879,15.2,0.254,206,PG,78,10.8,24.5,4.8,13.2,.368,6.0,11.3,.528,.541,9.7,11.0,0.8,5.8,5.0,3.1,2867,30.6,.616,.539,.449,2.5,17.8,10.0,39.5,2.7,1.7,14.5,40.5,11.4,3.8,9.4,1.6,11.0,9.3,1000
342,3,2019,0,Paul George,28.0,OKC,0.0,356.0,1010,0.352,77.0,36.9,28.0,8.2,4.1,2.2,0.4,0.438,0.839,11.9,0.201,183,SF,77,9.2,21.0,3.8,9.8,.386,5.4,11.1,.484,.529,5.9,7.0,1.4,6.8,2.7,2.8,2841,23.3,.583,.469,.335,3.7,19.6,11.4,17.7,2.8,1.0,10.0,29.5,7.0,4.9,5.6,1.6,7.2,6.6,3800
343,4,2019,0,Nikola Joki,23.0,DEN,0.0,212.0,1010,0.21,80.0,31.3,20.1,10.8,7.3,1.4,0.7,0.511,0.821,11.8,0.226,269,C,80,7.7,15.1,1.0,3.4,.307,6.7,11.7,.569,.545,3.6,4.4,2.9,8.0,3.1,2.9,2504,26.3,.589,.224,.292,9.8,27.6,18.7,37.0,2.1,1.9,15.4,27.4,7.5,4.3,6.2,2.9,9.1,7.0,20000
344,5,2019,0,Stephen Curry,30.0,GSW,0.0,175.0,1010,0.173,69.0,33.8,27.3,5.3,5.2,1.3,0.4,0.472,0.916,9.7,0.199,124,PG,69,9.2,19.4,5.1,11.7,.437,4.0,7.7,.525,.604,3.8,4.2,0.7,4.7,2.8,2.4,2331,24.4,.641,.604,.214,2.2,14.2,8.4,24.2,1.9,0.9,11.6,30.4,7.2,2.5,7.1,-0.5,6.6,5.1,-168
345,6,2019,0,Damian Lillard,28.0,POR,0.0,69.0,1010,0.068,80.0,35.5,25.8,4.6,6.9,1.1,0.4,0.444,0.912,12.1,0.205,305,PG,80,8.5,19.2,3.0,8.0,.369,5.6,11.1,.499,.522,5.9,6.4,0.9,3.8,2.7,1.9,2838,23.7,.588,.419,.335,2.6,11.1,7.0,30.6,1.5,1.0,10.8,29.3,9.7,2.4,6.6,-0.3,6.4,6.0,30000
346,7,2019,0,Joel Embiid,24.0,PHI,0.0,49.0,1010,0.049,64.0,33.7,27.5,13.6,3.7,0.7,1.9,0.484,0.804,8.7,0.194,155,C,64,9.1,18.7,1.2,4.1,.300,7.8,14.6,.535,.517,8.2,10.1,2.5,11.1,3.5,3.3,2154,26.1,.593,.219,.541,8.1,34.0,21.4,18.4,1.0,4.4,13.2,33.3,4.9,3.8,4.0,0.9,4.9,3.8,2000
347,8,2019,0,Kevin Durant,30.0,GSW,0.0,25.0,1010,0.025,78.0,34.6,26.0,6.4,5.9,0.7,1.1,0.521,0.885,11.5,0.204,150,SF,78,9.2,17.7,1.8,5.0,.353,7.5,12.8,.587,.571,5.7,6.5,0.4,5.9,2.9,2.0,2702,24.2,.631,.281,.366,1.4,17.5,9.8,26.2,1.0,2.6,12.3,29.0,8.6,2.9,5.4,0.1,5.5,5.1,-168
348,9,2019,0,Kawhi Leonard,27.0,TOR,0.0,13.0,1010,0.013,60.0,34.0,26.6,7.3,3.3,1.8,0.4,0.496,0.854,9.5,0.224,301,SF,60,9.3,18.8,1.9,5.0,.371,7.5,13.8,.542,.546,6.1,7.1,1.3,6.0,2.0,1.5,2040,25.8,.606,.267,.377,4.2,18.6,11.6,16.4,2.5,1.0,8.4,30.3,6.1,3.4,6.1,1.1,7.2,4.7,1850
349,10,2019,0,Russell Westbrook,30.0,OKC,0.0,8.0,1010,0.008,73.0,36.0,22.9,11.1,10.7,1.9,0.5,0.428,0.656,6.8,0.124,506,PG,73,8.6,20.2,1.6,5.6,.290,7.0,14.5,.481,.468,4.1,6.2,1.5,9.6,4.5,3.4,2630,21.1,.501,.279,.306,4.1,28.3,15.8,46.5,2.5,1.1,16.3,30.9,1.8,5.0,2.8,2.4,5.2,4.7,3800
